{"type":"FeatureCollection","features":[{"type":"Feature","properties":{"name":"Andaman and Nicobar"},"geometry":{"type":"MultiPolygon","coordinates":[[[[93.84805297851591,7.240280151367472],[93.88277435302763,7.203332901001261],[93.88777923584001,7.086390018463305],[93.947807312012,6.998874187469653],[93.91390228271501,7.0],[93.94535827636713,6.954514980316276],[93.89785003662138,6.903478145599649],[93.90220642089872,6.813660144806136],[93.88256835937528,6.792778015136946],[93.8509063720706,6.816051006317196],[93.82831573486334,6.754255771636963],[93.7452774047851,6.961667060852051],[93.69388580322271,7.015140056610335],[93.6627807617188,7.007500171661661],[93.67472076416033,7.112500190734863],[93.65556335449224,7.125280857086238],[93.6857452392581,7.189632892608813],[93.80251312255876,7.201391220092944],[93.80638885498053,7.233055114746207],[93.84833526611328,7.240554809570312],[93.84805297851591,7.240280151367472]]],[[[93.76860809326172,7.402218818664721],[93.76999664306646,7.393620014190731],[93.76222229003935,7.398055076599064],[93.76860809326172,7.402778148651123],[93.76860809326172,7.402218818664721]]],[[[93.68944549560564,7.409721851349104],[93.69083404541021,7.396667003631592],[93.68305206298857,7.405278205871582],[93.68888854980474,7.409721851349104],[93.68944549560564,7.409721851349104]]],[[[93.71305847167986,7.443611145019815],[93.75574493408232,7.359842777252481],[93.64833068847685,7.242499828338737],[93.621109008789,7.308331966400146],[93.6324996948245,7.37055492401123],[93.71389007568365,7.392778873443831],[93.71333312988287,7.443889141082764],[93.71305847167986,7.443611145019815]]],[[[93.54360198974615,7.525001049041691],[93.55029296875028,7.517025947570744],[93.54250335693388,7.509998798370646],[93.54332733154314,7.525001049041691],[93.54360198974615,7.525001049041691]]],[[[93.37999725341825,8.02472209930437],[93.46499633789068,7.930000782012939],[93.46166992187517,7.872221946716252],[93.42250061035185,7.907223224639893],[93.35639190673845,7.888889789581299],[93.35805511474638,7.941665172577132],[93.31722259521513,7.933610916137923],[93.3266677856447,8.0024995803833],[93.37944793701166,8.02472209930437],[93.37999725341825,8.02472209930437]]],[[[93.54728698730463,8.028052330017033],[93.58277130126947,7.991670131683406],[93.5774993896485,7.928332805633545],[93.50723266601557,7.984721183776855],[93.53250122070318,8.024999618530273],[93.55076599121111,7.996230125427246],[93.5472259521485,8.028541564941463],[93.54728698730463,8.028052330017033]]],[[[93.52648925781278,8.231270790100098],[93.54528045654303,8.19778060913086],[93.5030517578125,8.148180007934627],[93.54833221435553,8.088330268859863],[93.550277709961,8.036110877990666],[93.50839996337908,8.033815383911246],[93.50083160400396,7.997219085693644],[93.48527526855497,8.044443130493221],[93.52986145019537,8.078680038452205],[93.48500061035162,8.051943778991813],[93.4538879394533,8.173610687256087],[93.52610015869169,8.231380462646712],[93.52648925781278,8.231270790100098]]],[[[93.12627410888678,8.355863571167106],[93.12638854980486,8.276388168334961],[93.20471954345732,8.21556091308588],[93.19944763183611,8.193890571594522],[93.12083435058611,8.22250080108671],[93.08721923828153,8.26944446563732],[93.09471893310564,8.339166641235465],[93.12611389160185,8.355820655822754],[93.12627410888678,8.355863571167106]]],[[[93.65249633789068,8.394445419311694],[93.653335571289,8.387777328491211],[93.6436767578125,8.393404006958008],[93.6517181396485,8.394721031189192],[93.65249633789068,8.394445419311694]]],[[[93.6159973144533,8.573625564575138],[93.64242553710966,8.468536376953125],[93.62285614013689,8.421620368957804],[93.61523437500017,8.574597358703897],[93.6159973144533,8.573625564575138]]],[[[92.85916900634783,8.82013130188011],[92.85194396972662,8.822220802307356],[92.85861206054688,8.837431907654036],[92.8594360351563,8.820289611816634],[92.85916900634783,8.82013130188011]]],[[[92.7877807617187,9.2441663742066],[92.8243026733399,9.195841789245776],[92.85436248779297,9.20915889740013],[92.82553100585966,9.192131042480412],[92.83055114746111,9.138694763183707],[92.73166656494169,9.124377250671614],[92.72083282470697,9.213609695434798],[92.7877807617187,9.244443893432845],[92.7877807617187,9.2441663742066]]],[[[92.51583099365251,10.8976411819458],[92.5877075195312,10.786945343017521],[92.59677886962896,10.678325653076229],[92.53979492187528,10.610555648803825],[92.56944274902361,10.578889846801985],[92.51305389404303,10.511667251586857],[92.43472290039091,10.548333168029785],[92.38527679443371,10.532221794128475],[92.42056274414074,10.61472034454357],[92.38027954101568,10.667499542236612],[92.37611389160162,10.78166675567627],[92.39749908447294,10.760555267334041],[92.45694732666021,10.86139106750511],[92.49951171875006,10.890693664551009],[92.5105590820313,10.869170188903865],[92.5154190063476,10.897708892822322],[92.51583099365251,10.8976411819458]]],[[[92.66335296630865,10.98180007934593],[92.66194152832048,10.992778778076342],[92.66979217529303,10.98845291137718],[92.66474151611357,10.982280731201342],[92.66335296630865,10.98180007934593]]],[[[92.64145660400419,11.51014041900629],[92.68579101562517,11.43661117553728],[92.64934539794939,11.407247543335075],[92.6908721923831,11.370340347290153],[92.60029602050776,11.34652137756342],[92.58710479736357,11.400479316711653],[92.62294769287138,11.405331611633244],[92.61363220214872,11.47418022155773],[92.6410675048831,11.510350227356184],[92.64145660400419,11.51014041900629]]],[[[92.2189331054688,11.5923233032226],[92.27072906494158,11.584091186523551],[92.26982879638678,11.522506713867301],[92.21454620361334,11.529451370239428],[92.21825408935541,11.592385292053223],[92.2189331054688,11.5923233032226]]],[[[92.5397567749024,11.603320121765137],[92.5693969726562,11.588421821594352],[92.53018188476568,11.554126739501953],[92.53904724121122,11.604640007019043],[92.5397567749024,11.603320121765137]]],[[[93.02083587646513,11.843331336975211],[93.07221984863298,11.835561752319393],[93.04998779296886,11.81222057342535],[93.02050018310564,11.843541145324934],[93.02083587646513,11.843331336975211]]],[[[92.75013732910162,11.968339920044116],[92.76713562011747,11.95588397979759],[92.74575805664068,11.944791793823242],[92.74980163574247,11.968339920044116],[92.75013732910162,11.968339920044116]]],[[[92.969535827637,12.03367996215843],[93.00945281982439,12.018891334533691],[93.04267120361328,11.882261276245117],[93.00038909912115,11.950200080871639],[92.92553710937517,11.995789527893066],[92.9691772460937,12.033989906311263],[92.969535827637,12.03367996215843]]],[[[92.99136352539062,12.108927726745776],[92.99277496337919,12.0436172485351],[92.95960998535185,12.106483459472713],[92.99105072021496,12.108989715576172],[92.99136352539062,12.108927726745776]]],[[[92.993881225586,12.109939575195597],[92.99305725097673,12.109939575195597],[92.9924621582033,12.110530853271484],[92.99249267578142,12.111639976501579],[92.99337768554716,12.111639976501579],[92.99389648437506,12.111070632934798],[92.993881225586,12.109939575195597]]],[[[93.02777862548845,12.156941413879622],[93.04552459716814,12.045370101928768],[92.95560455322294,12.142191886901912],[92.98498535156278,12.148140907287711],[93.00416564941412,12.11333370208746],[93.02805328369152,12.157220840454329],[93.02777862548845,12.156941413879622]]],[[[93.06860351562517,12.211334228515625],[93.09500122070324,12.142421722412337],[93.0746459960937,12.083629608154297],[93.03718566894537,12.13336086273199],[93.06860351562517,12.211573600769043],[93.06860351562517,12.211334228515625]]],[[[92.70086669921892,12.235609054565543],[92.70362091064482,12.165820121765137],[92.75749969482439,12.175831794738826],[92.7361145019533,12.064166069030989],[92.78360748291033,12.046939849853459],[92.761947631836,12.020554542541447],[92.73986816406278,12.041481971741007],[92.76854705810564,11.998711585998592],[92.74768829345732,11.977560997009391],[92.7279357910158,11.994379043579158],[92.72430419921892,11.850513458252124],[92.67994689941412,11.818800926208553],[92.7184448242188,11.825122833251896],[92.74664306640642,11.932112693786848],[92.78811645507841,11.919297218322924],[92.75507354736334,11.701055526733398],[92.70334625244158,11.706920623779297],[92.70839691162138,11.670507431030444],[92.66655731201178,11.652797698974837],[92.69432067871088,11.623209953308333],[92.69586944580095,11.653299331665266],[92.72946166992205,11.658559799194393],[92.72145843505876,11.686320304870833],[92.75665283203153,11.665070533752441],[92.71156311035162,11.47745513916044],[92.64661407470732,11.522705078124943],[92.64727020263689,11.5723628997805],[92.6178359985351,11.563471794128418],[92.60823059082037,11.619721412658748],[92.64451599121122,11.635858535766545],[92.60806274414091,11.635041236877555],[92.58792877197283,11.717951774597168],[92.56156158447294,11.694849967956713],[92.54640197753912,11.833649635315112],[92.51351928710938,11.848000526428223],[92.56198883056658,11.946172714233626],[92.6107711791995,11.871052742004451],[92.62388610839855,12.10333347320551],[92.66198730468756,12.215506553649902],[92.65512084960943,12.18169021606468],[92.70082092285156,12.235962867736816],[92.70086669921892,12.235609054565543]]],[[[92.73061370849626,12.242453575134334],[92.73288726806658,12.210251808166731],[92.76229858398443,12.229373931884993],[92.76367950439459,12.18218040466337],[92.72344207763678,12.188841819763411],[92.7297973632812,12.242453575134334],[92.73061370849626,12.242453575134334]]],[[[92.90167236328142,12.255849838256779],[92.91327667236357,12.222809791565169],[92.89167022705084,12.233890533447436],[92.8792343139649,12.208277702331486],[92.87084197998053,12.244691848754826],[92.90136718750006,12.25613975524925],[92.90167236328142,12.255849838256779]]],[[[93.07777404785162,12.261944770813159],[93.08666992187494,12.237218856811523],[93.1059875488283,12.260204315185717],[93.10074615478544,12.2039413452149],[93.06333160400396,12.229166030883846],[93.07767486572294,12.261825561523608],[93.07777404785162,12.261944770813159]]],[[[92.94139862060553,12.280801773071289],[92.92208862304705,12.230951309204045],[92.90146636962885,12.288221359253214],[92.92673492431646,12.280581474304142],[92.93444824218778,12.31056118011503],[92.94100952148438,12.281185150146655],[92.94139862060553,12.280801773071289]]],[[[92.77657318115251,12.310280799865666],[92.86637878417969,12.305610656738338],[92.8893127441408,12.265941619873047],[92.85888671875028,12.245830535888956],[92.88050842285173,12.195137023926009],[92.84660339355474,12.197680473327864],[92.85058593750017,12.157320976257438],[92.82258605957037,12.165452957153548],[92.8125,12.106943130493278],[92.76467895507841,12.063320159912223],[92.7391662597658,12.094750404357853],[92.76986694335938,12.236851692199934],[92.74228668212896,12.245539665222168],[92.77630615234403,12.310469627380371],[92.77657318115251,12.310280799865666]]],[[[93.8396987915039,12.320819854736442],[93.88069915771479,12.236641883850211],[93.86250305175787,12.266042709350813],[93.86167907714861,12.233770370483398],[93.83200836181669,12.241241455078125],[93.85020446777361,12.269442558288631],[93.82668304443388,12.244859695434684],[93.81871032714838,12.300359725952148],[93.85083007812506,12.28729057312023],[93.83116149902361,12.314480781555403],[93.8396987915039,12.320819854736442]]],[[[92.85290527343756,12.408830642700423],[92.88878631591803,12.407600402832031],[92.88398742675787,12.374155998230037],[92.85250091552751,12.408912658691406],[92.85290527343756,12.408830642700423]]],[[[92.95536041259771,12.414690017700195],[92.91933441162121,12.364615440368823],[92.93254089355497,12.418521881103686],[92.95625305175798,12.435489654541186],[92.95569610595703,12.415139198303507],[92.95536041259771,12.414690017700195]]],[[[92.7109680175783,12.82903003692627],[92.71803283691423,12.71889972686779],[92.69454193115251,12.797142982483138],[92.71070098876982,12.829159736633414],[92.7109680175783,12.82903003692627]]],[[[92.7855529785158,12.893334388733024],[92.7917098999024,12.890960693359602],[92.78583526611357,12.881944656372013],[92.78423309326178,12.893250465393294],[92.7855529785158,12.893334388733024]]],[[[92.79498291015653,12.911258697509822],[92.79289245605497,12.89177036285406],[92.77423858642572,12.906028747558821],[92.79471588134766,12.911673545837402],[92.79498291015653,12.911258697509822]]],[[[92.8988876342774,12.915830612182617],[92.92193603515625,12.91155147552496],[92.90529632568376,12.884492874145735],[92.92778015136713,12.88416862487793],[92.95414733886736,12.807041168213061],[92.93419647216803,12.773820877075195],[92.98051452636724,12.709729194641397],[92.95806884765653,12.64252185821556],[92.96821594238276,12.497119903564453],[92.9324798583985,12.481090545654297],[92.95793914794939,12.467709541320914],[92.91532135009771,12.443711280822981],[92.91413116455084,12.405838012695483],[92.83397674560564,12.494971275329817],[92.89901733398455,12.415629386902026],[92.79620361328142,12.438252449035872],[92.7910995483399,12.469170570373478],[92.89511871337919,12.320344924926815],[92.72043609619169,12.300310134887752],[92.69950866699236,12.327791213989315],[92.7074966430664,12.596945762634277],[92.6844558715822,12.607480049133358],[92.75332641601562,12.67078113555931],[92.77706909179716,12.667081832885685],[92.78543090820318,12.61924743652338],[92.78858947753923,12.67403984069847],[92.77886962890642,12.712961196899585],[92.76850128173857,12.671850204467717],[92.7330551147461,12.674158096313533],[92.72402191162121,12.827380180359],[92.73860931396501,12.81112098693876],[92.76083374023449,12.859444618225098],[92.78221893310575,12.807498931884822],[92.76943969726591,12.861290931701774],[92.79190826416021,12.889854431152628],[92.87354278564459,12.881160736084041],[92.89916992187494,12.91611194610607],[92.8988876342774,12.915830612182617]]],[[[92.69565582275385,12.991958618164233],[92.7198867797851,12.97835922241211],[92.7214965820313,12.888344764709757],[92.66815948486357,12.782571792602482],[92.66316223144537,12.879141807556437],[92.62988281250017,12.882731437683049],[92.66454315185575,12.880599975585938],[92.67057800292974,12.912282943725643],[92.63687133789091,12.919539451599348],[92.67012023925798,12.918037414551009],[92.69538116455084,12.992184638977108],[92.69565582275385,12.991958618164233]]],[[[93.00673675537138,12.996899604797363],[92.98282623291021,12.934480667114315],[92.9519500732423,12.940539360046557],[92.97424316406256,12.945329666137695],[92.95974731445318,12.988911628723201],[92.97220611572294,12.96914005279541],[93.00722503662115,12.996899604797363],[93.00673675537138,12.996899604797363]]],[[[92.87444305419922,13.51220989227295],[92.87110900878935,13.501944541931096],[92.86666870117193,13.509167671203784],[92.87473297119169,13.51249980926525],[92.87444305419922,13.51220989227295]]],[[[93.02944183349604,13.573333740234375],[93.04499816894537,13.525279045105094],[93.02166748046892,13.430560111999512],[93.07083129882807,13.406109809875602],[93.0286407470706,13.373107910156477],[93.05527496337896,13.382222175598372],[93.09059143066412,13.335932731628588],[93.06534576416033,13.30326366424572],[93.04166412353516,13.366945266723746],[92.9872589111331,13.329161643982104],[92.96980285644548,13.360309600830192],[92.95078277587896,13.343221664428654],[93.00778198242193,13.320560455322493],[93.01304626464838,13.276671409607047],[93.06639099121105,13.27221965789812],[93.03221893310553,13.178891181946028],[93.03503417968767,13.082217216491813],[93.0033111572265,13.028220176696777],[92.96562194824224,13.034751892090071],[92.97499847412115,13.013079643249739],[92.9350891113283,13.042300224304256],[92.93709564209013,13.084439277648926],[92.93435668945318,13.060743331909123],[92.89430999755865,13.056530952453556],[92.91580963134783,13.054739952087402],[92.90207672119158,13.022431373596476],[92.93817901611334,12.970391273498649],[92.91234588623047,12.946519851684627],[92.90663909912126,12.985289573669434],[92.88230133056646,12.982724189758244],[92.85443878173834,12.927430152893123],[92.87293243408209,12.883230209350586],[92.84243774414068,12.8765230178833],[92.79419708251959,12.914381980896053],[92.79413604736345,12.985610961914176],[92.82506561279303,13.012707710266113],[92.78833007812528,13.018330574035929],[92.810546875,13.12750053405756],[92.84750366210955,13.140277862548828],[92.80972290039057,13.15361118316656],[92.85443878173834,13.257221221923828],[92.82250213623041,13.278329849243164],[92.83916473388678,13.373612403869743],[92.86666870117193,13.385280609131144],[92.84305572509794,13.40194320678728],[92.8844528198245,13.430560111999512],[92.87277984619146,13.47250080108654],[92.9297180175783,13.50222110748291],[92.917221069336,13.536111831665323],[92.988052368164,13.527509689331055],[92.98860931396513,13.573890686035327],[93.01026153564459,13.542031288147086],[93.02916717529303,13.573610305786133],[93.02944183349604,13.573333740234375]]],[[[93.0158309936524,13.67611217498785],[93.02777862548845,13.626939773559513],[92.97666931152361,13.654999732971191],[93.01527404785168,13.67611217498785],[93.0158309936524,13.67611217498785]]],[[[93.37027740478544,14.193334579467717],[93.36694335937506,14.178889274597225],[93.3597259521485,14.187219619751204],[93.36978912353521,14.19319343566923],[93.37027740478544,14.193334579467717]]]]}},{"type":"Feature","properties":{"name":"Telangana"},"geometry":{"type":"Polygon","coordinates":[[[77.50945281982428,15.920860290527287],[77.49072265625,16.03063011169445],[77.50939941406267,16.10353088378912],[77.48362731933611,16.15855026245123],[77.5111694335938,16.21718978881836],[77.48755645751964,16.249820709228516],[77.5649871826173,16.297710418701172],[77.59030151367193,16.286851882934798],[77.59160614013689,16.33751106262207],[77.49449157714844,16.37578964233404],[77.34294891357428,16.379720687866154],[77.28466033935541,16.4029998779298],[77.23517608642584,16.468080520629996],[77.3662872314456,16.484109878540153],[77.4153213500976,16.517829895019645],[77.39144134521513,16.565200805664062],[77.46417236328142,16.584209442138672],[77.46939086914068,16.646911621093977],[77.43293762207037,16.637638092041072],[77.41657257080084,16.66281127929699],[77.46504211425793,16.678281784057617],[77.46679687500028,16.711940765380803],[77.42341613769537,16.71453094482422],[77.43753814697271,16.78321075439453],[77.47113800048834,16.779130935669173],[77.45339965820318,16.909032821655273],[77.49938964843778,17.00732040405279],[77.46263885498047,17.104070663452205],[77.35999298095732,17.16162109375],[77.39881134033209,17.208778381347656],[77.38035583496105,17.219770431518555],[77.45450592041021,17.27589035034191],[77.43402099609375,17.288259506225586],[77.45159912109392,17.37049102783203],[77.52802276611357,17.372110366821346],[77.51014709472673,17.42725944519043],[77.61061096191435,17.444232940673828],[77.6527633666995,17.503250122070312],[77.64808654785162,17.481178283691634],[77.68696594238298,17.491569519042912],[77.5917282104495,17.532680511474553],[77.58982849121122,17.562759399414062],[77.54839324951183,17.549459457397575],[77.52742004394543,17.573221206665153],[77.50161743164068,17.54088020324707],[77.43992614746088,17.581470489502067],[77.45034790039068,17.691299438476562],[77.56202697753923,17.747110366821516],[77.5108795166015,17.801441192626953],[77.59668731689482,17.8704509735108],[77.5851669311524,17.908229827880803],[77.61657714843767,17.90286827087408],[77.62374114990246,17.957750320434684],[77.65339660644548,17.969352722167912],[77.54574584960966,18.053760528564396],[77.59745788574247,18.084289550781477],[77.59777069091803,18.15184020996105],[77.56430816650408,18.20055007934576],[77.60301971435547,18.277999877929688],[77.54995727539091,18.2913494110108],[77.56691741943388,18.317949295043945],[77.51950073242205,18.34925270080572],[77.55520629882818,18.417852401733455],[77.52848052978533,18.440481185913086],[77.58521270751964,18.445449829101562],[77.54619598388689,18.463382720947322],[77.60106658935575,18.474210739135742],[77.59726715087919,18.54754066467285],[77.6488113403322,18.552619934081974],[77.6575698852539,18.527200698852596],[77.7365112304687,18.554809570312557],[77.72811126709013,18.66420936584484],[77.75762939453136,18.707090377807617],[77.78643798828136,18.684120178222713],[77.83746337890642,18.807460784912337],[77.94255065917986,18.822290420532454],[77.881576538086,18.908531188964787],[77.84049987792986,18.911300659179744],[77.85372924804693,18.95227813720703],[77.76735687255871,18.981420516967773],[77.75739288330084,19.028551101684513],[77.76168823242182,19.062040328979435],[77.79718017578125,19.05130958557129],[77.80265045166027,19.10196113586437],[77.84813690185564,19.090080261230582],[77.84654998779325,19.196979522705192],[77.86738586425798,19.255260467529297],[77.90570831298828,19.26721954345726],[77.8608779907226,19.302129745483512],[77.94892120361334,19.341279983520735],[78.0511322021485,19.241760253906193],[78.1700592041015,19.236330032348633],[78.19715118408203,19.331729888916016],[78.18216705322271,19.411769866943473],[78.308891296387,19.456409454345817],[78.27910614013683,19.558200836181697],[78.31114959716808,19.57176971435547],[78.3109893798831,19.60417938232422],[78.26972198486334,19.66312980651861],[78.3452758789063,19.713569641113338],[78.3677368164063,19.781080245971793],[78.33899688720714,19.83917999267578],[78.2941284179688,19.849550247192383],[78.31019592285168,19.91274070739746],[78.49391937255854,19.793149948120117],[78.52626800537115,19.82165908813488],[78.60365295410173,19.817501068115234],[78.71644592285162,19.766799926757926],[78.84562683105497,19.758350372314396],[78.8588027954101,19.656311035156307],[78.9689559936524,19.649232864379883],[78.98052978515642,19.585081100463867],[78.95455169677729,19.551830291748047],[79.1028671264649,19.527950286865178],[79.17778778076178,19.460691452026367],[79.22293853759783,19.46779060363781],[79.20684814453153,19.49167060852045],[79.23663330078153,19.52679824829096],[79.24386596679716,19.612552642822493],[79.314262390137,19.565521240234432],[79.36902618408203,19.57123184204113],[79.4704208374024,19.49745178222662],[79.54265594482428,19.54852294921875],[79.59805297851591,19.503770828247127],[79.63971710205095,19.57500076293951],[79.78542327880876,19.5935897827149],[79.94020843505871,19.464509963989315],[79.97305297851591,19.401020050049055],[79.96177673339872,19.297491073608455],[79.92016601562506,19.226409912109602],[79.94320678710943,19.170600891113224],[79.85804748535185,19.104110717773438],[79.85958862304682,19.034629821777344],[79.91610717773438,19.047359466552734],[79.93448638916027,19.02169990539545],[79.93900299072271,18.85889244079584],[79.89401245117193,18.830839157104606],[79.90909576416021,18.80669021606468],[80.01235198974638,18.766759872436637],[80.11081695556658,18.676189422607422],[80.15808105468744,18.695940017700195],[80.18895721435575,18.67558097839367],[80.26753997802763,18.71796989440918],[80.34184265136724,18.586441040039062],[80.48346710205107,18.628120422363395],[80.63268280029314,18.518840789794922],[80.69100952148438,18.419349670410156],[80.7265396118164,18.40899085998541],[80.74462127685564,18.30218124389654],[80.7881164550783,18.25403976440424],[80.73326873779303,18.218790054321346],[80.7345581054688,18.17171287536621],[80.79792785644537,18.16629981994629],[80.82958984375006,18.23411941528326],[80.86749267578125,18.207258224487532],[80.84819793701189,18.197650909423885],[80.8620223999024,18.132669448852482],[80.97367858886719,18.168149948120174],[80.94399261474615,18.081020355224723],[81.03244781494158,17.789730072021598],[81.07360076904325,17.78629112243658],[81.15956878662115,17.852630615234318],[81.26336669921903,17.81046295166027],[81.46684265136724,17.82492065429699],[81.48583984375017,17.80261039733881],[81.61115264892595,17.81536293029785],[81.68828582763678,17.88479995727539],[81.7031707763673,17.861129760742415],[81.75829315185558,17.893360137939396],[81.79277038574224,17.85252189636236],[81.57662200927751,17.726091384887695],[81.50292968750028,17.58987998962408],[81.52371978759794,17.569709777832088],[81.49341583251947,17.448820114135742],[81.44151306152372,17.38171005249046],[81.38522338867199,17.355131149292106],[81.33035278320312,17.392099380493164],[81.2671661376956,17.319999694824276],[81.19030761718778,17.327369689941406],[81.16278839111334,17.23258018493658],[80.99125671386736,17.179702758789176],[80.9053497314456,17.20129013061529],[80.91330718994146,17.145950317382756],[80.87030792236328,17.146301269531364],[80.8324661254884,17.02571105957054],[80.7257308959961,17.064609527587834],[80.63960266113287,17.05512046813959],[80.65664672851591,17.08776283264166],[80.56017303466797,17.1380290985108],[80.49611663818376,17.10786056518566],[80.4462432861331,17.017021179199162],[80.39508819580084,17.077568054199276],[80.37416076660185,17.063110351562557],[80.38790893554716,17.007299423217773],[80.35824584960943,16.970630645751953],[80.48781585693371,16.91744041442871],[80.49130249023432,16.94818115234375],[80.58419036865229,16.926519393921012],[80.55458068847685,16.824789047241268],[80.60410308837896,16.787759780883903],[80.56281280517607,16.762830734253157],[80.45639801025385,16.790029525756836],[80.399711608887,16.849739074706974],[80.37293243408209,16.81110000610363],[80.26217651367199,17.010629653930664],[80.20125579833984,17.013139724731502],[80.18212890625,17.044940948486442],[80.13385772705072,16.985359191894474],[80.04588317871105,16.965299606323242],[80.0095520019533,16.907260894775334],[79.99167633056646,16.86325073242199],[80.06967163085943,16.813608169555664],[80.04789733886736,16.74515151977539],[79.95815277099638,16.64204978942871],[79.90207672119169,16.63784980773937],[79.86183929443388,16.69822120666504],[79.81025695800787,16.690490722656193],[79.77490234374994,16.729520797729606],[79.4265899658206,16.582521438598746],[79.26611328125006,16.561470031738338],[79.22527313232428,16.508220672607536],[79.21868896484403,16.23964118957514],[79.17658233642578,16.21713066101097],[79.03093719482428,16.245742797851562],[78.92549896240246,16.202339172363395],[78.9104766845706,16.10522270202648],[78.83783721923828,16.156738281250057],[78.83650207519531,16.087377548217773],[78.77504730224638,16.023609161376953],[78.71366882324219,16.026660919189453],[78.61701202392578,16.098909378051758],[78.55912780761747,16.05637168884283],[78.40566253662126,16.08094978332514],[78.31620788574236,16.02915191650402],[78.25666809082031,16.03129959106451],[78.23796844482422,15.929051399230957],[78.10958099365263,15.827180862426985],[78.06366729736345,15.844561576843489],[78.03629302978527,15.90209102630621],[78.00186920166033,15.85923004150402],[77.887680053711,15.895921707153263],[77.79918670654303,15.865320205688704],[77.6589431762697,15.876520156860352],[77.53173828125006,15.916119575500545],[77.50945281982428,15.920860290527287]]]}},{"type":"Feature","properties":{"name":"Andhra Pradesh"},"geometry":{"type":"MultiPolygon","coordinates":[[[[80.14902496337896,13.618473052978516],[80.16764068603516,13.589859962463436],[80.1418075561524,13.544860839843864],[80.1265258789063,13.584859848022575],[80.15819549560553,13.590972900390682],[80.12041473388678,13.605693817138672],[80.14847564697271,13.618473052978516],[80.14902496337896,13.618473052978516]]],[[[82.29951477050798,16.71433258056635],[82.29957580566412,16.714031219482365],[82.29938507080084,16.71402931213379],[82.29943847656278,16.71412849426298],[82.29951477050798,16.71433258056635]]],[[[82.33207702636713,16.72486114501953],[82.33625030517607,16.691249847412337],[82.36818695068376,16.722919464111555],[82.31847381591803,16.6287517547608],[82.30958557128906,16.651250839233626],[82.31069183349638,16.602359771728572],[82.25707244873075,16.651250839233626],[82.2587509155274,16.690111160278434],[82.32958221435575,16.72486114501953],[82.33207702636713,16.72486114501953]]],[[[82.29951477050798,16.71433258056635],[82.2176818847658,16.7516899108889],[82.29180908203153,16.609582901001033],[82.25986480712896,16.586805343627987],[82.29846954345732,16.594028472900504],[82.26847076416021,16.564029693603743],[82.31041717529303,16.568750381469954],[81.94235992431652,16.39513969421398],[81.71901702880888,16.31154060363764],[81.54096984863298,16.35874938964872],[81.3634719848634,16.357641220092773],[81.34570312500006,16.33069038391136],[81.37985992431646,16.359859466552905],[81.3926391601563,16.342082977295036],[81.26569366455078,16.281251907348633],[81.23236083984392,16.235969543456974],[81.14402770996111,15.973471641540641],[81.00430297851568,15.840419769287394],[81.01069641113298,15.767915725708121],[80.96514129638689,15.730969429016397],[80.82319641113298,15.712350845337141],[80.78041839599638,15.782640457153263],[80.81346893310564,15.739863395690975],[80.80569458007812,15.842083930969238],[80.68653106689459,15.88208293914795],[80.43042755126982,15.805142402648983],[80.26985931396479,15.672082901001033],[80.20375061035162,15.471822738647404],[80.081527709961,15.314582824707031],[80.08291625976591,15.193750381469954],[80.04596710205095,15.209308624267692],[80.08013916015625,15.185694694519043],[80.04958343505876,15.042917251587198],[80.08875274658209,14.814583778381461],[80.06069183349615,14.820693969726676],[80.0929183959961,14.808195114135799],[80.19845581054693,14.587919235229606],[80.12291717529303,14.117083549499569],[80.24402618408209,13.820693969726506],[80.23457336425776,13.649861335754508],[80.31597900390653,13.4359712600708],[80.26264190673845,13.562916755676383],[80.14708709716797,13.723469734191951],[80.13652801513666,13.611249923706055],[80.10624694824236,13.707915306091422],[80.10430908203125,13.657640457153434],[80.05152893066406,13.589579582214299],[80.11513519287138,13.50819396972662],[80.26235961914074,13.472640037536621],[80.269027709961,13.418193817138672],[80.31278991699236,13.42615032196062],[80.29692077636747,13.381251335144327],[80.243637084961,13.4677991867066],[80.1631469726563,13.47755241394043],[80.07276153564459,13.533921241760481],[80.0003967285158,13.512372016906852],[79.93974304199236,13.369100570678768],[79.85568237304693,13.308140754699707],[79.74614715576189,13.280000686645451],[79.7518310546875,13.204779624938908],[79.638481140137,13.276189804077376],[79.55478668212885,13.259181022644157],[79.38562774658203,13.294700622558594],[79.43609619140636,13.229831695556754],[79.30973052978533,13.106900215148926],[79.24423980712919,13.141151428222656],[79.10437774658209,13.024220466613826],[78.96465301513666,13.072799682617301],[78.92043304443376,13.028620719909782],[78.84393310546875,13.071479797363224],[78.69375610351574,13.004391670227108],[78.52774810791016,12.679001808166504],[78.503158569336,12.718099594116438],[78.45935821533232,12.638760566711483],[78.38613891601591,12.613870620727766],[78.21382141113287,12.702360153198185],[78.26262664794922,12.856590270996094],[78.31347656250028,12.888621330261344],[78.4561309814456,12.892752647399902],[78.42565155029297,12.969771385192985],[78.55940246582048,13.179800987243596],[78.56854248046892,13.243530273437443],[78.36699676513678,13.320039749145621],[78.36357879638678,13.459240913391113],[78.32283020019526,13.582990646362248],[78.18161010742193,13.559150695800895],[78.10736083984392,13.64709186553955],[78.10765838623075,13.80360031127941],[77.97802734375017,13.893349647522086],[77.80635070800798,13.917550086975211],[77.7774276733399,13.824060440063533],[77.71100616455095,13.737709999084586],[77.53951263427751,13.743720054626522],[77.48239898681652,13.698830604553166],[77.45240020751959,13.780401229858342],[77.23925018310575,13.873590469360352],[77.14821624755865,13.859801292419434],[77.15849304199224,13.787100791931096],[77.0805892944336,13.737391471862907],[76.98898315429716,13.760180473327694],[76.99019622802751,13.97027969360363],[76.97152709960955,14.052391052246207],[76.91250610351591,14.122109413146973],[76.95378112792986,14.1810302734375],[77.0907592773438,14.038260459900016],[77.1627807617187,13.997759819030705],[77.30355834960938,14.026729583740348],[77.41015625000028,13.914601325988883],[77.37507629394526,14.01210021972679],[77.39745330810547,14.166500091552962],[77.49008178710932,14.227630615234602],[77.4092864990235,14.327101707458496],[77.3912200927735,14.190881729126033],[77.28189086914068,14.290459632873649],[77.15215301513689,14.337740898132381],[77.10507965087896,14.213281631469727],[76.97560882568365,14.237420082092399],[76.92314910888678,14.309650421142578],[76.94467926025396,14.40892028808588],[76.76091003417963,14.596281051635799],[76.8508758544923,14.87285041809082],[76.7807922363283,15.03423976898199],[76.83740997314453,15.072469711303711],[76.9956512451173,15.023680686950684],[77.0907821655274,15.027722358703727],[77.15305328369135,15.148820877075138],[77.15793609619146,15.251350402832145],[77.06909179687528,15.31947135925293],[77.01528167724615,15.441069602966365],[77.02371215820341,15.576381683349666],[77.11905670166027,15.66208934783947],[77.04972076416033,15.764101028442496],[77.033187866211,15.853080749511776],[77.2186660766601,15.951642036438102],[77.74964141845732,15.87587928771984],[77.92829895019537,15.876509666443098],[78.1011428833009,15.827921867370605],[78.3235626220706,16.037242889404354],[78.603500366211,16.09643936157221],[78.90117645263689,16.09762191772461],[79.21330261230474,16.374389648437614],[79.34552764892607,16.579561233520508],[79.64803314209013,16.662000656128043],[79.90207672119169,16.63784980773937],[80.06967163085943,16.813608169555664],[80.08394622802751,16.977678298950252],[80.19554901123053,17.01804161071783],[80.31600189209013,16.884000778198356],[80.5300598144533,16.770059585571232],[80.5649719238283,16.869039535522518],[80.37119293212908,16.995840072631836],[80.39734649658209,17.073890686035156],[80.62391662597673,17.11188125610363],[80.68399810791033,17.068740844726562],[80.85646057128912,17.0685195922851],[80.91301727294916,17.17378044128418],[81.03145599365229,17.1923503875733],[81.17822265625006,17.314510345458984],[81.48198699951172,17.432201385498047],[81.57662200927751,17.726091384887695],[81.75293731689459,17.818309783935774],[81.80104064941435,17.936080932617415],[82.06098937988293,18.05398178100586],[82.14730834960955,18.04042053222679],[82.25318908691412,17.98019027709961],[82.29789733886747,18.061960220336914],[82.3249130249024,18.042690277099553],[82.35756683349615,18.12510108947754],[82.32131958007818,18.222459793090934],[82.38049316406278,18.319311141967717],[82.39737701416016,18.451601028442383],[82.49915313720732,18.501750946045036],[82.53836059570318,18.443180084228572],[82.53230285644543,18.393449783325195],[82.59931182861328,18.35997009277355],[82.58074188232433,18.270099639892578],[82.6371688842774,18.234930038452205],[82.82417297363276,18.429920196533203],[82.88490295410162,18.378620147705078],[82.97843170166027,18.360988616943473],[83.06582641601591,18.389400482177848],[83.0355529785158,18.420070648193587],[83.06035614013689,18.494421005249023],[83.02686309814459,18.5679607391358],[83.11219024658197,18.758279800414982],[83.20242309570312,18.732549667358626],[83.3987121582033,18.833528518676815],[83.30783843994169,18.990949630737305],[83.3847198486331,18.997272491455192],[83.44684600830084,18.945648193359602],[83.4702758789063,19.07032012939453],[83.51322937011724,19.03032112121582],[83.54772949218756,19.044969558715763],[83.62271881103521,19.144687652587947],[83.7458267211914,18.918172836303825],[83.74172210693365,18.967058181762923],[83.77774047851568,19.00988006591797],[83.85906982421903,18.8430118560791],[84.02231597900402,18.7986297607423],[84.07788085937494,18.748880386352596],[84.326957702637,18.789672851562614],[84.33979034423845,18.86592102050804],[84.39396667480486,18.885869979858455],[84.44406127929716,18.994558334350586],[84.53481292724615,19.04536056518566],[84.60048675537104,19.03293037414562],[84.66458892822266,19.06629180908203],[84.59168243408232,19.121120452880803],[84.66929626464855,19.155681610107422],[84.76101684570318,19.07131195068365],[84.355972290039,18.556528091430664],[84.12708282470697,18.35014152526861],[84.12403106689447,18.309310913085938],[83.56735992431646,18.011810302734602],[83.53042602539091,17.950420379638672],[83.45903015136724,17.920141220092773],[83.34375,17.724861145019702],[83.2940292358399,17.6890296936038],[83.26569366455107,17.71069526672369],[83.29429626464872,17.67403030395525],[83.21457672119169,17.592920303344897],[82.60847473144531,17.29624938964838],[82.36902618408214,17.117919921874943],[82.25013732910162,16.932081222534293],[82.25791931152361,16.887639999389762],[82.31263732910156,16.840421676635742],[82.35485839843756,16.8520832061767],[82.3593063354495,16.94124984741211],[82.32624816894537,16.99097442626976],[82.35680389404303,16.96597480773943],[82.34291839599638,16.73791694641136],[82.29985809326172,16.714305877685774],[82.29951477050798,16.71433258056635]]]]}},{"type":"Feature","properties":{"name":"Arunachal Pradesh"},"geometry":{"type":"Polygon","coordinates":[[[96.1577758789063,29.383100509643555],[96.24356842041033,29.235122680664006],[96.29347229003935,29.236349105835075],[96.36315155029314,29.285631179809798],[96.39176940917986,29.24617195129406],[96.35849761962919,29.181629180908203],[96.22776031494146,29.146379470825423],[96.18562316894537,29.09461975097662],[96.11450195312506,29.077602386474666],[96.18485260009771,28.98811912536638],[96.15033721923834,28.943130493164062],[96.16557312011719,28.914039611816463],[96.22814941406256,28.92933082580589],[96.34670257568354,29.032268524169865],[96.525199890137,29.07928085327154],[96.48116302490263,28.982309341430664],[96.52121734619169,28.965209960937784],[96.54225921630876,28.879209518432788],[96.61599731445341,28.77857971191412],[96.57232666015653,28.714710235595703],[96.47054290771501,28.684551239013786],[96.49516296386719,28.64376068115257],[96.42807006835943,28.587141036987248],[96.40091705322283,28.59431076049816],[96.40660858154297,28.56404113769537],[96.3243026733399,28.53034019470215],[96.37296295166021,28.487039566040096],[96.26740264892595,28.41020965576172],[96.37094116210938,28.394300460815543],[96.39940643310564,28.344499588012695],[96.45382690429693,28.415649414062557],[96.66456604003912,28.46577072143583],[96.7510528564456,28.421712875366268],[96.78257751464861,28.37038993835472],[96.8939514160158,28.386140823364315],[96.99649810791044,28.316230773925838],[97.09491729736357,28.368772506713867],[97.17391967773432,28.299060821533317],[97.28206634521479,28.276260375976676],[97.40042114257818,28.193510055541992],[97.33080291748053,28.162971496582145],[97.33901214599615,28.119541168212947],[97.30774688720709,28.077100753784464],[97.373519897461,28.070238113403377],[97.41156005859403,28.027271270752237],[97.37806701660173,27.98615074157715],[97.38902282714855,27.89637947082548],[97.33557891845709,27.893169403076286],[97.30870819091803,27.92996025085455],[97.25647735595732,27.909530639648438],[97.10246276855469,27.793420791625977],[97.09142303466803,27.748460769653377],[97.02857208251982,27.749120712280273],[96.97760009765636,27.67192268371582],[96.89758300781267,27.620801925659407],[96.9376831054688,27.530059814453352],[96.91184997558588,27.462709426879883],[97.17215728759777,27.14435958862333],[97.14643096923857,27.102840423583984],[97.06268310546903,27.111160278320312],[96.86622619628935,27.19968986511242],[96.88510131835949,27.26795959472662],[96.80236053466825,27.354431152343864],[96.62048339843756,27.37281990051281],[96.53074645996122,27.298049926757812],[96.31083679199247,27.302040100097656],[96.09213256835955,27.226671218872184],[96.03643035888689,27.196050643920955],[95.95712280273443,27.06822013854986],[95.81529998779325,27.022220611572493],[95.77294158935575,26.982530593872184],[95.73596191406278,26.892709732055778],[95.67336273193371,26.910221099853516],[95.61151885986334,26.821212768554688],[95.5327758789063,26.831209182739258],[95.42330932617199,26.696712493896598],[95.30841064453125,26.6577205657959],[95.23597717285162,26.688230514526367],[95.21614074707037,26.735319137573242],[95.24253845214838,26.78451156616228],[95.18450164794933,26.864830017089957],[95.23385620117193,26.89084053039545],[95.1955184936524,27.042949676513672],[95.25219726562506,27.031919479370117],[95.31317901611328,27.086740493774414],[95.46106719970714,27.140220642089957],[95.45890045166016,27.2095699310305],[95.51618194580084,27.268630981445426],[95.5991668701173,27.229610443115348],[95.80628967285162,27.29174041748047],[95.89810943603516,27.26431083679222],[96.02091217041044,27.371259689331225],[95.97778320312528,27.43549919128418],[95.91117095947271,27.439960479736442],[95.89305877685553,27.406040191650504],[95.88259124755871,27.444080352783203],[95.86733245849621,27.417150497436637],[95.84934234619146,27.43032073974615],[95.88964080810553,27.50616836547863],[95.88143920898443,27.545831680297795],[95.79802703857422,27.607830047607536],[95.77847290039091,27.67234992980957],[95.79647064209001,27.688060760498104],[95.75871276855486,27.726680755615348],[95.97746276855469,27.968500137329045],[95.5969467163086,27.951129913330192],[95.5159530639649,27.881788253784464],[95.31655883789062,27.871129989623967],[94.86086273193388,27.739479064941634],[94.75592041015636,27.666519165039006],[94.6838760375976,27.663339614868164],[94.46930694580072,27.56401252746582],[94.43103790283209,27.603080749511776],[94.37230682373053,27.579269409179915],[94.27603149414074,27.593349456787394],[94.25222778320341,27.640930175781364],[94.21350860595732,27.6044216156007],[94.25905609130871,27.522600173950195],[94.16422271728521,27.480989456176758],[93.80729675292986,27.15014076232916],[93.8350219726563,27.074991226196346],[93.77239990234392,27.062301635742188],[93.67578125000006,26.97107124328619],[93.46810913085966,26.938890457153605],[93.34793853759794,26.96324157714855],[93.01937103271501,26.916830062866325],[92.87243652343778,27.00769996643072],[92.65702056884771,27.037590026855526],[92.6454620361331,26.987449645996207],[92.55361175537126,26.95907020568859],[92.10817718505888,26.894128799438477],[92.10328674316423,27.007749557495174],[92.02249145507818,27.108156204223633],[92.02522277832026,27.17176055908203],[92.0667343139649,27.2149276733399],[92.03992462158203,27.261802673339844],[92.11978912353544,27.280698776245174],[92.06715393066435,27.318267822265625],[92.01876068115234,27.47974586486839],[91.93937683105497,27.46063041687023],[91.72001647949247,27.47035980224632],[91.68361663818354,27.502410888671932],[91.65323638916027,27.48298072814964],[91.56678009033209,27.5750408172608],[91.56683349609386,27.6524658203125],[91.62374114990234,27.70597076416027],[91.63959503173845,27.765199661254883],[91.54389190673834,27.85555458068859],[91.66195678710943,27.85824012756359],[91.7095718383789,27.813289642333928],[91.8279495239259,27.80755043029785],[91.85759735107439,27.742290496826286],[91.91500854492205,27.718160629272404],[91.97894287109375,27.76473045349121],[92.04863739013683,27.756990432739258],[92.2341918945313,27.86264991760254],[92.26402282714838,27.857931137085075],[92.31595611572283,27.778240203857592],[92.3979797363283,27.82047080993658],[92.4438095092774,27.800781250000114],[92.4925079345706,27.836820602416992],[92.55425262451178,27.818298339843864],[92.73948669433622,27.98941040039091],[92.6611633300783,28.067701339721737],[92.68698883056646,28.12579917907715],[92.80754852294928,28.204078674316463],[92.826469421387,28.172035217285213],[92.87275695800787,28.194389343261946],[92.95552062988287,28.258329391479492],[92.99465942382818,28.230260848999308],[93.03378295898449,28.263130187988224],[93.02366638183605,28.303199768066406],[93.21897888183605,28.333730697631893],[93.22586822509794,28.408300399780273],[93.18106842041044,28.432741165161076],[93.27934265136736,28.51379013061529],[93.33690643310541,28.640159606933707],[93.44132995605474,28.672559738159293],[93.46675872802763,28.652120590210018],[93.49111938476568,28.683961868286133],[93.52446746826172,28.661279678344727],[93.7250289916995,28.688219070434627],[93.77517700195341,28.668518066406307],[93.84966278076189,28.70699119567871],[93.93456268310553,28.67709922790533],[93.99809265136724,28.771640777588118],[94.00285339355474,28.8470211029055],[94.15692138671892,28.959369659423942],[94.2247161865235,29.09000968933111],[94.29235076904314,29.149620056152457],[94.35778045654314,29.15317344665533],[94.4257431030274,29.223560333252237],[94.55995178222673,29.23148345947277],[94.62815856933622,29.348590850830135],[94.76653289794922,29.25279045105009],[94.79292297363293,29.169740676879826],[94.87180328369158,29.184289932251147],[95.02279663085966,29.130620956420955],[94.98668670654303,29.173538208007812],[95.0049133300783,29.1704998016358],[95.11353302001959,29.12120056152355],[95.25076293945312,29.109880447387695],[95.2575073242188,29.06197929382347],[95.41013336181646,29.034120559692496],[95.45433807373053,29.03699111938488],[95.50353240966797,29.14299011230463],[95.54680633544939,29.128650665283203],[95.54502868652372,29.215589523315543],[95.72705078125017,29.302469253540153],[95.77294921875028,29.351840972900447],[95.80256652832048,29.339372634887695],[95.88931274414091,29.391361236572322],[95.95710754394537,29.382667541504134],[96.08053588867193,29.46334457397461],[96.1499862670899,29.399259567260856],[96.1577758789063,29.383100509643555]]]}},{"type":"Feature","properties":{"name":"Assam"},"geometry":{"type":"MultiPolygon","coordinates":[[[[89.87145233154291,25.53729820251459],[89.87995910644537,25.488639831543026],[89.8595733642581,25.47339057922369],[89.85778045654297,25.534830093383846],[89.86532592773466,25.539609909057617],[89.87145233154291,25.53729820251459]]],[[[89.87145233154291,25.53729820251459],[89.87094879150396,25.538642883300895],[89.87320709228533,25.540090560913143],[89.87394714355486,25.54193687438965],[89.87455749511736,25.54156112670904],[89.87145233154291,25.53729820251459]]],[[[95.95231628417986,27.94184112548851],[95.75871276855486,27.726680755615348],[95.79647064209001,27.688060760498104],[95.77847290039091,27.67234992980957],[95.79802703857422,27.607830047607536],[95.88143920898443,27.545831680297795],[95.88964080810553,27.50616836547863],[95.84934234619146,27.43032073974615],[95.86733245849621,27.417150497436637],[95.88259124755871,27.444080352783203],[95.89305877685553,27.406040191650504],[95.91117095947271,27.439960479736442],[95.97778320312528,27.43549919128418],[96.02091217041044,27.371259689331225],[95.89810943603516,27.26431083679222],[95.80628967285162,27.29174041748047],[95.5991668701173,27.229610443115348],[95.51618194580084,27.268630981445426],[95.45890045166016,27.2095699310305],[95.46106719970714,27.140220642089957],[95.31317901611328,27.086740493774414],[95.25219726562506,27.031919479370117],[95.1955184936524,27.042949676513672],[95.01657104492205,26.924352645874023],[94.90129089355497,26.940340042114485],[94.75934600830084,26.7741374969483],[94.65853881835955,26.724800109863395],[94.59993743896513,26.737720489502067],[94.57086944580084,26.690059661865234],[94.54087066650408,26.709632873535156],[94.46794128417997,26.669820785522575],[94.4625015258789,26.635459899902344],[94.40988159179693,26.616439819335994],[94.39945220947294,26.532320022583008],[94.31651306152372,26.462930679321516],[94.2822875976563,26.563539505004826],[94.18654632568365,26.46051025390625],[94.1792831420899,26.350839614868278],[94.1080474853515,26.32640075683588],[94.00876617431646,26.18053054809576],[93.95488739013666,26.0073299407959],[93.97939300537115,25.919679641723633],[93.7913208007813,25.816030502319393],[93.77301788330084,25.966020584106445],[93.68768310546875,25.909440994262752],[93.70548248291021,25.848630905151367],[93.57324981689453,25.760799407958984],[93.49991607666021,25.65652084350586],[93.42753601074236,25.631458282470646],[93.3317413330081,25.546810150146484],[93.39591979980474,25.464120864868278],[93.46186828613298,25.4346981048584],[93.47402191162138,25.309280395507812],[93.38871765136724,25.245920181274528],[93.33917236328153,25.106409072876033],[93.24884033203142,25.018800735473633],[93.2532577514649,24.91883087158203],[93.20007324218756,24.85775947570812],[93.19449615478516,24.808750152587947],[93.11122131347668,24.812261581421012],[93.07541656494135,24.59622955322277],[93.10697937011724,24.58356094360346],[93.07122802734375,24.576131820678825],[93.04141998291044,24.514591217041016],[93.03932952880888,24.417568206787166],[92.93570709228521,24.395540237426815],[92.91153717041044,24.41290092468256],[92.82898712158197,24.37776947021507],[92.76451110839838,24.51883125305187],[92.69066619873075,24.354801177978572],[92.62616729736334,24.334472656250227],[92.61308288574219,24.255838394164982],[92.54882812500017,24.243230819702205],[92.52990722656244,24.176410675048828],[92.4668273925783,24.13504028320324],[92.43656921386724,24.15242958068859],[92.41645050048845,24.253429412841797],[92.21285247802746,24.24930953979515],[92.27249908447271,24.379350662231673],[92.23230743408214,24.45845031738304],[92.2338333129884,24.561790466308594],[92.29827117919928,24.73655128479004],[92.24138641357439,24.901279449463004],[92.29837799072266,24.920049667358512],[92.3875122070313,24.85113906860363],[92.49179840087908,24.874021530151595],[92.48927307128935,24.954359054565543],[92.45883941650396,24.945661544799805],[92.4671173095706,24.96858024597168],[92.43515777587908,24.966379165649414],[92.423637390137,24.996099472045955],[92.48429870605497,25.10806083679205],[92.5429458618164,25.099599838256836],[92.52466583251959,25.140029907226506],[92.62164306640653,25.117700576782283],[92.66690826416033,25.177061080932617],[92.80356597900402,25.217239379882926],[92.77028656005876,25.240200042724666],[92.78246307373047,25.334289550781307],[92.65054321289068,25.431669235229492],[92.60700988769548,25.418539047241268],[92.59815979003935,25.471651077270508],[92.56741333007818,25.46747016906744],[92.64469909667997,25.537441253662053],[92.65345764160168,25.592180252075195],[92.57250213623064,25.56042098999046],[92.55861663818365,25.60895156860346],[92.50170898437517,25.62293052673334],[92.43434143066435,25.687530517578182],[92.43316650390653,25.731452941894645],[92.386947631836,25.75249099731468],[92.224906921387,25.7139701843264],[92.16069793701189,25.671859741210938],[92.15310668945318,25.8127498626709],[92.2250366210938,25.90162086486822],[92.15992736816423,25.915189743041992],[92.15609741210955,25.943000793457145],[92.2959823608399,26.0788898468017],[91.99106597900419,26.041032791137923],[91.91957092285156,26.00012969970703],[91.86934661865246,26.056859970092717],[91.87578582763678,26.09773063659668],[91.81931304931646,26.118740081787223],[91.73126220703153,26.0592098236084],[91.7201766967774,25.95407104492199],[91.67598724365229,25.9118328094483],[91.61093139648466,25.944601058960018],[91.63794708251959,25.964849472045955],[91.63215637207048,26.022409439087028],[91.5700302124024,26.027481079101676],[91.50334167480497,25.91432189941412],[91.53132629394537,25.92371177673334],[91.47593688964861,25.878038406372013],[91.53205871582037,25.88815116882347],[91.51275634765642,25.8665580749514],[91.3335571289063,25.83884048461914],[91.2764663696289,25.751670837402457],[91.22144317626982,25.72604942321783],[91.17993164062517,25.77631950378418],[91.19647979736322,25.859010696411133],[91.00611114501982,25.820779800415153],[91.02922058105469,25.888048171997127],[90.96745300292986,25.887180328369197],[90.94274902343761,25.947570800781364],[90.91607666015653,25.915058135986442],[90.88298034667969,25.951749801635685],[90.80869293212919,25.9471893310548],[90.76905059814447,25.908510208129996],[90.74234008789057,25.912950515747013],[90.7435531616211,25.95667266845726],[90.7130966186524,25.952182769775447],[90.624809265137,25.89889907836914],[90.60650634765653,25.912281036376953],[90.62901306152372,25.9374294281007],[90.5787963867188,25.95803070068365],[90.51801300048857,25.89648056030279],[90.53446197509766,25.958021163940543],[90.47728729248047,26.01526069641119],[90.41742706298834,25.992340087890852],[90.38080596923834,26.01164817810053],[90.18251037597685,25.944450378418026],[90.11377716064459,25.957439422607365],[90.00473785400419,25.8786811828615],[90.00831604003912,25.846830368042106],[89.94458007812506,25.82447814941429],[89.93350982666021,25.74455070495611],[89.89541625976568,25.744119644165153],[90.0172958374024,25.602191925049055],[89.87010192871122,25.54422187805187],[89.88520812988298,25.629829406738395],[89.81694030761736,25.812961578369368],[89.89035797119158,25.940229415893782],[89.82949829101562,25.942180633544865],[89.87436676025408,25.97765922546398],[89.84140014648443,26.00986289978033],[89.82344055175798,25.98451995849632],[89.81095123291044,26.04285812377941],[89.79136657714861,26.01799011230463],[89.79016876220732,26.100429534912394],[89.69483947753906,26.18907165527338],[89.7320327758789,26.21228981018089],[89.69754791259783,26.215942382812614],[89.72876739501982,26.238201141357365],[89.70067596435553,26.260841369628906],[89.7322769165039,26.260339736938477],[89.72025299072283,26.30813026428234],[89.75865936279303,26.28932952880865],[89.78201293945312,26.353279113769645],[89.85507202148455,26.382030487060547],[89.82727813720709,26.396472930908317],[89.87020874023443,26.463979721069563],[89.8623886108399,26.737003326416016],[90.1278381347658,26.749042510986328],[90.18872070312506,26.770572662353516],[90.21482086181658,26.853700637817553],[90.30631256103544,26.849464416503906],[90.40945434570324,26.901897430420036],[90.56378173828153,26.799640655517805],[90.72302246093761,26.767549514770735],[91.04149627685553,26.779037475585938],[91.08908843994169,26.818441390991495],[91.3412399291995,26.781780242920036],[91.40210723876953,26.835138320922965],[91.49276733398443,26.789764404296875],[91.62380218505865,26.82132339477556],[91.68724822998041,26.805093765258846],[91.88890838623064,26.916521072387752],[92.05519104003906,26.84805297851591],[92.1019363403322,26.88741111755394],[92.6454620361331,26.987449645996207],[92.65702056884771,27.037590026855526],[92.87243652343778,27.00769996643072],[93.01937103271501,26.916830062866325],[93.34793853759794,26.96324157714855],[93.46810913085966,26.938890457153605],[93.67578125000006,26.97107124328619],[93.77239990234392,27.062301635742188],[93.8350219726563,27.074991226196346],[93.79824066162121,27.13716125488287],[93.97267150878923,27.308340072631893],[94.06092834472685,27.36355972290039],[94.16422271728521,27.480989456176758],[94.25905609130871,27.522600173950195],[94.21350860595732,27.6044216156007],[94.25222778320341,27.640930175781364],[94.27603149414074,27.593349456787394],[94.37230682373053,27.579269409179915],[94.43103790283209,27.603080749511776],[94.46930694580072,27.56401252746582],[94.6838760375976,27.663339614868164],[94.75592041015636,27.666519165039006],[94.86086273193388,27.739479064941634],[95.31655883789062,27.871129989623967],[95.5159530639649,27.881788253784464],[95.5969467163086,27.951129913330192],[95.82588195800787,27.977371215820426],[95.97746276855469,27.968500137329045],[95.96520996093778,27.95263290405296],[95.95231628417986,27.94184112548851]]]]}},{"type":"Feature","properties":{"name":"Bihar"},"geometry":{"type":"MultiPolygon","coordinates":[[[[84.11972045898443,27.513521194458065],[84.15301513671903,27.51661491394043],[84.15099334716797,27.485704421997184],[84.21101379394526,27.465198516845646],[84.21063995361328,27.442333221435547],[84.25276947021513,27.45326805114746],[84.29341125488276,27.3850421905517],[84.62201690673857,27.338207244873047],[84.69161987304716,27.21801567077648],[84.64485168457037,27.047246932983626],[84.7957382202149,26.99560356140165],[84.82479858398432,27.021043777465877],[84.89364624023432,26.969594955444563],[84.96448516845709,26.960275650024357],[84.97286224365251,26.916759490966854],[85.06166839599638,26.887077331543196],[85.02586364746111,26.855100631714038],[85.19770812988298,26.86659431457531],[85.17985534667974,26.808038711547965],[85.21228790283209,26.758703231811808],[85.32798767089861,26.74453544616722],[85.62861633300781,26.87307167053234],[85.70481109619169,26.832607269287337],[85.73671722412126,26.795616149902287],[85.73597717285173,26.652816772460938],[85.8198623657226,26.602519989013842],[85.85331726074224,26.609516143798942],[85.85211944580095,26.56841468811058],[85.97797393798822,26.65765190124523],[86.0650253295899,26.65808296203619],[86.21961212158232,26.588109970092773],[86.33003997802763,26.61915397644043],[86.54723358154303,26.53463745117216],[86.57277679443365,26.496894836425895],[86.73352050781267,26.42204475402832],[86.76770019531256,26.458457946777344],[86.8358001708985,26.43869781494169],[86.89641571044939,26.461715698242415],[86.89557647705107,26.487289428710994],[87.07427978515653,26.58546638488764],[87.11156463623064,26.43683433532715],[87.16501617431646,26.403816223144645],[87.25870513916027,26.410860061645735],[87.26838684082037,26.37361145019537],[87.34341430664091,26.347515106201172],[87.39102935791021,26.418697357177734],[87.46475219726557,26.43892478942871],[87.589653015137,26.381813049316463],[87.65438842773455,26.39321327209467],[87.68023681640653,26.435094833374194],[87.7688598632813,26.412096023559513],[87.79221343994169,26.468915939331282],[87.85121917724626,26.436214447021484],[87.89063262939482,26.48641967773449],[87.92926025390625,26.418245315551758],[88.03293609619169,26.36570739746088],[88.09901428222656,26.44304847717285],[88.10819244384771,26.535221099853516],[88.1412963867187,26.511791229248274],[88.2218093872072,26.55323028564453],[88.22582244873064,26.526639938354435],[88.17903900146513,26.490579605102596],[88.26834869384783,26.417921066284123],[88.2317123413086,26.384901046753043],[88.2919158935548,26.35391044616722],[88.01306915283232,26.140871047973576],[87.96405792236357,26.151979446411133],[87.97219085693365,26.08485031127924],[87.93112945556658,26.06895065307623],[87.91750335693371,26.088010787963867],[87.84211730957037,26.044481277465877],[87.82993316650396,25.935451507568644],[87.80358123779303,25.92072105407715],[87.8345413208009,25.868740081787053],[87.91091156005876,25.85174942016613],[87.88433837890653,25.827310562133732],[87.91050720214838,25.81480979919428],[87.89846801757841,25.769760131836165],[88.05081939697271,25.685800552368164],[88.02194213867205,25.582920074462947],[88.07041168212896,25.48050117492687],[87.92411041259766,25.535648345947322],[87.8209228515625,25.439771652221793],[87.78132629394543,25.444650650024528],[87.759750366211,25.41008949279791],[87.78398132324224,25.332429885864315],[87.85501098632812,25.289529800415266],[87.83230590820307,25.200780868530387],[87.78330993652361,25.2461776733399],[87.7068710327149,25.259780883789176],[87.69349670410173,25.303052902221793],[87.60688018798845,25.31138038635254],[87.5789184570313,25.34678268432623],[87.535629272461,25.280109405517692],[87.48638153076178,25.29607009887718],[87.47216033935575,25.1946697235108],[87.33053588867205,25.222190856933707],[87.29535675048857,25.099700927734602],[87.21563720703153,25.090190887451172],[87.14420318603521,25.017971038818587],[87.15811920166016,24.885631561279354],[87.07730102539068,24.818141937255973],[87.09667205810564,24.801492691040153],[87.04463195800781,24.605398178100586],[86.93009185791044,24.642820358276424],[86.90583038330084,24.54097175598156],[86.87639617919939,24.567319869995345],[86.80029296875017,24.564601898193587],[86.78560638427751,24.61720085144043],[86.79437255859392,24.596830368041992],[86.7508621215822,24.617979049682617],[86.73507690429693,24.580841064453125],[86.66839599609403,24.56064033508295],[86.60929870605497,24.607410430908146],[86.49752807617216,24.497978210449332],[86.48858642578125,24.425001144409237],[86.44632720947271,24.368440628051758],[86.2818374633789,24.470478057861328],[86.32286071777361,24.584091186523438],[86.13329315185564,24.60354042053217],[86.118637084961,24.7116508483889],[86.10553741455107,24.73596954345726],[86.0390701293947,24.74131965637207],[86.04788208007818,24.778289794921932],[85.95030212402372,24.732118606567383],[85.86402893066412,24.80542945861822],[85.77723693847662,24.798950195312614],[85.73674011230486,24.822650909423885],[85.69666290283203,24.713472366333008],[85.64826202392578,24.68188095092779],[85.67031097412138,24.588092803955192],[85.56989288330084,24.600219726562614],[85.51830291748041,24.52454948425293],[85.4894409179688,24.54915046691906],[85.28804779052763,24.528400421142692],[85.22392272949224,24.471189498901595],[85.15289306640642,24.464149475097713],[85.16883850097685,24.43178939819336],[85.0894165039063,24.37919998168968],[85.065483093262,24.386760711669922],[85.07615661621122,24.439870834350586],[84.96856689453153,24.375949859619197],[84.89803314208979,24.372129440307617],[84.87625122070341,24.46278953552269],[84.8306274414063,24.459209442138615],[84.81949615478533,24.52482032775879],[84.79532623291021,24.529491424560604],[84.68405914306658,24.459199905395508],[84.6601181030274,24.39598083496088],[84.58006286621122,24.410419464111328],[84.5215225219726,24.37626075744629],[84.49688720703153,24.292720794677734],[84.44666290283209,24.339700698852596],[84.41742706298845,24.331361770629826],[84.42253875732416,24.359149932861385],[84.33586120605474,24.39583015441889],[84.29321289062494,24.450822830200195],[84.32565307617188,24.4967098236084],[84.29743194580078,24.563142776489258],[84.25714111328153,24.530750274658203],[84.17288208007812,24.54713058471674],[84.1792602539063,24.510419845581055],[84.14955902099638,24.540300369262752],[84.10092163085966,24.487901687622127],[84.0613632202149,24.589370727539176],[83.99221038818388,24.63803291320812],[83.92845916748053,24.54791069030773],[83.87885284423834,24.53650093078619],[83.71669006347656,24.504949569702376],[83.49761962890653,24.528970718383732],[83.54141235351568,24.62618064880371],[83.49752044677751,24.651660919189396],[83.51264953613287,24.683410644531193],[83.4824523925783,24.734939575195312],[83.38633728027344,24.78659057617199],[83.34487915039057,25.002620697021428],[83.3181762695312,25.01732063293457],[83.3573608398438,25.1241912841798],[83.34960937500028,25.19894027709961],[83.53946685791033,25.317649841308594],[83.62238311767607,25.329521179199276],[83.69458007812506,25.396099090576115],[83.7966079711914,25.408279418945312],[83.79435729980474,25.431619644165096],[83.83937072753912,25.438779830932845],[83.8102264404298,25.465919494629134],[83.85111999511736,25.473720550537053],[83.9209823608399,25.561729431152457],[84.07650756835966,25.637531280517692],[84.06964874267607,25.695610046386832],[84.09439086914068,25.72038078308117],[84.15550994873041,25.725940704345703],[84.20291137695318,25.6696395874024],[84.2855758666995,25.661529541015625],[84.31339263916044,25.668909072876204],[84.33748626708984,25.745130538940487],[84.38001251220703,25.74868965148937],[84.41089630126947,25.69847106933605],[84.44901275634794,25.71138000488287],[84.49903106689453,25.677391052246094],[84.53586578369158,25.726490020751953],[84.5523300170899,25.684030532837028],[84.55562591552763,25.736408233642578],[84.63059997558622,25.728340148925838],[84.60053253173845,25.76062965393072],[84.62111663818376,25.792360305786246],[84.53292083740246,25.832229614257812],[84.52864074707048,25.87774085998541],[84.4233169555664,25.89242172241211],[84.35138702392572,25.95934104919445],[84.29633331298828,25.946989059448185],[84.21412658691406,25.99620056152355],[84.17024230957048,25.991661071777287],[84.10717010498053,26.081712722778434],[84.04905700683622,26.099700927734432],[84.0040664672851,26.180690765381087],[84.01152038574219,26.240682601928825],[84.07936859130888,26.22121047973627],[84.11234283447277,26.256572723388672],[84.15934753417986,26.245901107788086],[84.1696166992187,26.36256027221674],[84.07200622558611,26.384469985961914],[84.009033203125,26.44498062133789],[83.90302276611345,26.461040496826172],[83.90220642089838,26.51807975769043],[83.9625473022461,26.508600234985295],[84.04300689697283,26.54096031188965],[84.0804214477539,26.6407527923584],[84.27346801757818,26.601350784301758],[84.40737152099615,26.638059616088867],[84.40223693847662,26.671222686767578],[84.32566070556658,26.68425750732422],[84.29802703857439,26.753271102905273],[84.24227905273466,26.73077011108421],[84.24563598632818,26.858722686767578],[84.20922088623053,26.870990753173885],[84.1689224243164,26.8345184326173],[84.14073944091803,26.883911132812784],[84.052001953125,26.89170074462919],[84.02490234375017,26.94272041320795],[84.04666137695312,26.961940765381087],[84.04030609130854,27.03530120849615],[83.99109649658197,27.07129287719738],[84.01892852783232,27.093441009521598],[83.93942260742205,27.092992782592773],[83.98419952392607,27.178710937500227],[83.95585632324236,27.233520507812614],[83.90190124511724,27.25213050842285],[83.92534637451189,27.30952072143566],[83.82849121093756,27.324670791626204],[83.905517578125,27.376214981079386],[83.87024688720709,27.428506851196573],[83.93326568603544,27.449405670166016],[84.02941894531278,27.433629989624194],[84.11967468261736,27.513540267944336],[84.11972045898443,27.513521194458065]]],[[[87.30621337890653,27.84321594238304],[87.30680084228544,27.836589813232422],[87.30617523193365,27.843217849731445],[87.30621337890653,27.84321594238304]]],[[[87.26291656494169,27.850715637207315],[87.25248718261736,27.842866897583008],[87.25118255615251,27.84306144714367],[87.25131988525385,27.843114852905273],[87.26291656494169,27.850715637207315]]],[[[87.26291656494169,27.850715637207315],[87.26721191406267,27.8501167297365],[87.26628112792974,27.849452972412166],[87.26291656494169,27.850715637207315]]]]}},{"type":"Feature","properties":{"name":"Chandigarh"},"geometry":{"type":"Polygon","coordinates":[[[76.81980895996105,30.68582916259777],[76.7943725585938,30.66931915283203],[76.726303100586,30.695909500122127],[76.71614074707031,30.72863006591797],[76.69068145751964,30.746660232544002],[76.69062805175787,30.760080337524528],[76.72274780273449,30.770719528198242],[76.75933837890636,30.799039840698356],[76.77732849121094,30.785459518432674],[76.769302368164,30.77697944641119],[76.78093719482416,30.773870468139762],[76.79776763916016,30.78527069091797],[76.80387878417969,30.779020309448356],[76.79313659667963,30.766519546508903],[76.82818603515636,30.763790130615234],[76.82274627685547,30.740081787109375],[76.83629608154297,30.714269638061523],[76.81770324707043,30.69062995910656],[76.81980895996105,30.68582916259777]]]}},{"type":"Feature","properties":{"name":"Chhattisgarh"},"geometry":{"type":"Polygon","coordinates":[[[83.3275985717774,24.09964942932129],[83.38326263427751,24.099870681762695],[83.50670623779303,24.02824020385748],[83.54284667968778,23.89824104309082],[83.576156616211,23.884380340576172],[83.56121063232439,23.86295127868658],[83.69538879394537,23.82066917419428],[83.73000335693376,23.743680953979492],[83.71472930908203,23.682540893554915],[83.774887084961,23.599500656127987],[83.93525695800798,23.563039779663086],[83.93152618408214,23.61140060424799],[84.00702667236334,23.632310867309684],[84.02128601074236,23.549928665161076],[83.96952819824247,23.455408096313533],[83.96582794189459,23.381210327148494],[84.00653076171903,23.352800369262752],[84.04338836669939,23.374010086059627],[84.0679702758789,23.334091186523494],[84.03367614746111,23.13844108581543],[84.12647247314482,23.085149765014762],[84.15458679199236,22.96437263488764],[84.17904663085943,23.022560119628906],[84.21705627441418,22.976472854614315],[84.37053680419928,22.975070953369254],[84.37692260742216,22.87589073181158],[84.32946014404291,22.859550476074276],[84.28144836425798,22.76011085510254],[84.22972869873064,22.740150451660213],[84.22061157226562,22.668910980224666],[84.08039093017595,22.63655090332054],[84.00505065917986,22.569562911987532],[83.97609710693365,22.502210617065487],[84.03872680664074,22.468881607055664],[84.04000854492193,22.43289947509777],[84.00421142578153,22.36766052246105],[83.86414337158209,22.34361839294428],[83.74565124511736,22.24122047424322],[83.67904663085932,22.24063110351574],[83.62628173828125,22.20585823059082],[83.5591659545899,22.103860855102596],[83.59056854248047,22.059341430664062],[83.53244781494146,22.03404808044445],[83.55397033691423,21.936281204223746],[83.59931182861357,21.9060001373291],[83.57151794433611,21.87187004089361],[83.58593750000028,21.847629547119254],[83.5409469604495,21.83465957641613],[83.52218627929693,21.794111251830998],[83.49091339111334,21.81454086303711],[83.47801971435541,21.72799110412609],[83.42111206054693,21.686548233032454],[83.48454284667986,21.62556266784668],[83.45275878906256,21.605190277099723],[83.44123077392595,21.649272918701286],[83.38981628417974,21.620540618896484],[83.33589935302763,21.4996395111084],[83.4044494628908,21.35511970520031],[83.27614593505865,21.375921249389705],[83.25409698486322,21.312379837036246],[83.27455902099626,21.285671234131087],[83.21414184570318,21.25086975097679],[83.19010162353521,21.13552856445324],[83.08156585693365,21.106700897216797],[82.95606994628912,21.175489425659237],[82.78208923339844,21.141019821167106],[82.63594055175781,21.149450302124023],[82.62230682373053,21.036569595337028],[82.55294036865263,20.941480636596793],[82.48567199707048,20.903511047363338],[82.4590530395509,20.823841094970703],[82.41552734375006,20.826469421386776],[82.35917663574219,20.882709503173942],[82.34121704101591,20.86806106567377],[82.33512878417963,20.758518218994254],[82.36823272705084,20.62405967712425],[82.324462890625,20.556648254394645],[82.42916870117182,20.425752639770508],[82.39441680908232,20.340137481689453],[82.42922973632812,20.282962799072322],[82.37892913818365,20.144630432128963],[82.3903427124024,20.064231872558594],[82.5983657836914,19.985639572143555],[82.70748901367205,19.990219116210938],[82.70271301269548,19.831039428711165],[82.58129119873053,19.772691726684627],[82.59076690673845,19.866218566894474],[82.43949127197283,19.902919769287223],[82.32675170898438,19.838331222534123],[82.23335266113287,19.995870590209904],[82.18418121337896,19.981161117553825],[82.05789947509771,20.049869537353516],[82.02440643310575,20.010040283203068],[81.94135284423834,20.102251052856445],[81.86653900146501,20.03603935241705],[81.84963226318365,19.908050537109375],[81.96037292480486,19.85473823547386],[81.98014831542997,19.795780181884766],[82.05982971191412,19.78309822082514],[82.03021240234375,19.514209747314396],[82.09207916259777,19.509840011596793],[82.11930847167974,19.423900604248104],[82.18305969238293,19.417610168456974],[82.14083099365251,19.3619194030764],[82.18316650390642,19.31970024108898],[82.1516494750976,19.22356986999523],[82.17823791503912,19.16147994995123],[82.16480255126947,19.11469078063965],[82.2105865478515,19.092250823974666],[82.23429107666033,18.905269622802734],[82.17272949218756,18.895288467407227],[82.16114807128935,18.790960311889762],[82.12906646728521,18.75765037536621],[82.08470916748047,18.75839996337902],[82.07398223876982,18.71309089660639],[81.96768188476568,18.690612792968807],[81.94744110107428,18.628820419311637],[81.89317321777372,18.653881072998047],[81.88729095458979,18.6243896484375],[81.94888305664091,18.589540481567383],[81.94625854492205,18.55841064453125],[81.90859985351574,18.564228057861328],[81.8579406738283,18.51305961608898],[81.76210021972662,18.411310195922965],[81.746078491211,18.351741790771484],[81.65809631347662,18.339290618896428],[81.65866851806646,18.31109809875494],[81.59340667724626,18.30128097534191],[81.52368164062506,18.248659133911133],[81.47731018066412,17.970020294189396],[81.44026184082048,17.879140853881836],[81.39382934570341,17.885139465332088],[81.3849716186524,17.806592941284293],[81.25403594970732,17.812129974365234],[81.15956878662115,17.852630615234318],[81.03765106201178,17.78623962402355],[80.94399261474615,18.081020355224723],[80.96556854248053,18.168359756469727],[80.86160278320318,18.136472702026424],[80.84848022460943,18.195949554443416],[80.86749267578125,18.207258224487532],[80.82958984375006,18.23411941528326],[80.79792785644537,18.16629981994629],[80.7345581054688,18.17171287536621],[80.73226165771484,18.20545005798334],[80.78663635253912,18.255910873413143],[80.74462127685564,18.30218124389654],[80.7287826538086,18.403800964355582],[80.69100952148438,18.419349670410156],[80.63268280029314,18.518840789794922],[80.48838806152355,18.62672042846674],[80.33879089355474,18.588209152221793],[80.23956298828142,18.752210617065487],[80.34622192382818,18.81108093261713],[80.2676391601563,18.92878913879406],[80.2675323486331,18.983961105346737],[80.32211303710932,19.07487106323265],[80.3248519897461,19.141532897949446],[80.3811111450197,19.18073081970215],[80.38334655761713,19.23913955688488],[80.43702697753912,19.261070251464844],[80.47049713134794,19.328920364379996],[80.57084655761719,19.399421691894588],[80.61015319824236,19.307140350341797],[80.67189025878935,19.32644844055187],[80.68860626220709,19.283489227294922],[80.74340820312528,19.28597068786621],[80.83908081054693,19.35515022277832],[80.79432678222668,19.428768157958928],[80.89206695556658,19.465681076049805],[80.88553619384794,19.509250640869084],[80.82760620117205,19.562671661376896],[80.66203308105486,19.608730316162337],[80.66584014892578,19.692211151123047],[80.55021667480497,19.76455116271984],[80.54242706298828,19.819271087646484],[80.4760284423831,19.82800102233898],[80.45954895019537,19.811330795288143],[80.48255920410173,19.78071022033697],[80.400146484375,19.793630599975643],[80.4975204467774,19.8687496185305],[80.482650756836,19.898899078369254],[80.4076766967774,19.905902862549055],[80.40931701660173,19.935380935668945],[80.52037811279303,19.93087959289562],[80.54522705078136,20.059570312500114],[80.5235900878908,20.12447166442871],[80.38762664794928,20.151580810546875],[80.41398620605474,20.1902313232423],[80.3862380981447,20.244611740112305],[80.5108261108399,20.269611358642635],[80.61776733398438,20.33368110656744],[80.5860214233399,20.395610809326115],[80.61767578125006,20.606170654296932],[80.51950836181669,20.584680557251204],[80.4815979003908,20.61709976196289],[80.57929229736328,20.68997955322277],[80.54817962646501,20.759080886840934],[80.54183959960932,20.93391990661621],[80.45555877685553,20.932109832763786],[80.4237594604495,21.00959014892601],[80.45426940917997,21.165437698364315],[80.60099792480486,21.226182937622184],[80.67095947265653,21.295909881591797],[80.65793609619146,21.32937049865734],[80.73021697998053,21.472051620483455],[80.7185287475586,21.711860656738338],[80.74297332763678,21.757961273193416],[80.81120300292986,21.747491836547795],[80.8404159545899,21.852760314941406],[80.81844329834001,21.956790924072266],[80.84673309326178,21.963621139526424],[80.91084289550787,22.119159698486385],[80.94552612304693,22.11748123168951],[80.96341705322283,22.058361053466854],[80.99916076660162,22.061500549316463],[81.00395202636747,22.094451904296875],[80.97081756591797,22.114650726318473],[81.01579284667997,22.132709503173885],[81.0194473266601,22.229190826416016],[81.08467864990229,22.2467498779298],[81.1150131225586,22.30323982238781],[81.10491943359392,22.432790756225643],[81.18004608154291,22.4901504516601],[81.21839141845703,22.451650619506836],[81.26045227050787,22.49356079101574],[81.31591033935547,22.489709854126033],[81.32293701171892,22.524330139160156],[81.37325286865229,22.510751724243278],[81.3888702392581,22.44483947753912],[81.41411590576189,22.44852066040039],[81.4175872802735,22.473630905151424],[81.44802856445307,22.46739006042492],[81.4380569458009,22.493940353393555],[81.47985839843778,22.493310928344727],[81.51541900634766,22.53675079345703],[81.6218872070313,22.543830871582088],[81.6631622314456,22.632720947265682],[81.72294616699224,22.676210403442383],[81.7405395507813,22.648069381713867],[81.76272583007841,22.663589477539062],[81.74661254882818,22.726488113403434],[81.78427886962919,22.76662063598627],[81.76940155029325,22.87350845336914],[81.86110687255871,22.893949508666992],[81.9402465820313,22.957090377807617],[81.919418334961,23.036680221557674],[81.93810272216803,23.077810287475586],[82.11936187744152,23.10746955871582],[82.15107727050776,23.14174079895031],[82.14248657226557,23.227701187133846],[82.18638610839861,23.27765846252464],[82.18750762939447,23.322229385375977],[82.1109008789063,23.355840682983512],[82.09848022460955,23.39770126342779],[82.03707122802751,23.379550933837947],[82.0184173583985,23.42111968994152],[81.9761199951173,23.413110733032283],[81.91635894775396,23.532091140747127],[81.81653594970703,23.5148601531983],[81.80461883544928,23.54581069946289],[81.740707397461,23.567649841308594],[81.628227233887,23.49036979675293],[81.60704803466808,23.506889343261776],[81.57077026367193,23.590919494628906],[81.6868896484375,23.722620010376033],[81.60582733154297,23.838209152221793],[81.60756683349615,23.903270721435547],[81.66159820556652,23.925598144531364],[81.71835327148455,23.8433895111084],[81.78748321533214,23.811929702758846],[81.91644287109403,23.872989654541243],[82.00073242187528,23.863140106201286],[82.04540252685541,23.8205890655517],[82.16525268554688,23.820751190185604],[82.20388793945341,23.85299110412609],[82.22614288330084,23.806932449340877],[82.46350860595703,23.810848236084098],[82.51619720459001,23.7842311859132],[82.54451751709013,23.794189453125114],[82.53366088867216,23.82499122619629],[82.65335845947271,23.85778045654297],[82.65473937988287,23.90629005432129],[82.74333190917986,23.920640945434627],[82.79680633544928,23.96142005920416],[82.95359039306646,23.872770309448242],[83.1343765258789,23.894550323486555],[83.19313049316412,23.926900863647575],[83.21476745605497,23.986270904541072],[83.27607727050798,24.023281097412166],[83.32356262207048,24.101329803466854],[83.3275985717774,24.09964942932129]]]}},{"type":"Feature","properties":{"name":"Dadra and Nagar Haveli"},"geometry":{"type":"Polygon","coordinates":[[[72.99046325683588,20.292089462280217],[73.020492553711,20.290901184082088],[73.0198364257812,20.31739807128912],[73.04416656494146,20.291112899780387],[73.10338592529297,20.36036109924322],[73.11286926269543,20.304941177368278],[73.17710113525396,20.31232261657715],[73.1788787841798,20.286460876464844],[73.06423950195324,20.203161239624137],[73.08244323730469,20.156589508056754],[73.1500701904298,20.172840118408203],[73.145751953125,20.206979751586914],[73.227783203125,20.187049865722656],[73.19609832763672,20.15611267089855],[73.21911621093761,20.09749984741211],[73.19890594482433,20.062271118164176],[73.06063842773449,20.099060058593864],[73.05281066894543,20.06767082214361],[73.01051330566406,20.140222549438477],[72.98532104492188,20.113451004028263],[72.9744873046875,20.225839614868164],[72.9223098754884,20.274400711059684],[72.98947143554699,20.27753067016596],[72.99046325683588,20.292089462280217]]]}},{"type":"Feature","properties":{"name":"Daman and Diu"},"geometry":{"type":"MultiPolygon","coordinates":[[[[72.86013793945324,20.470960617065543],[72.83705902099621,20.422330856323356],[72.87552642822271,20.38105010986328],[72.84507751464872,20.407119750976676],[72.821533203125,20.371080398559627],[72.86013793945324,20.470415115356502],[72.86013793945324,20.470960617065543]]],[[[70.9485473632813,20.733741760253906],[70.99764251709013,20.7140274047851],[70.89708709716808,20.700416564941463],[70.9388961791995,20.73648834228527],[70.9485473632813,20.733741760253906]]],[[[70.76802825927734,20.9619598388673],[70.84601593017607,20.97055053710949],[70.90161132812506,20.903329849243164],[70.81696319580084,20.851200103759822],[70.89617919921903,20.824792861938704],[70.84358215332048,20.76038932800293],[70.84034729003923,20.728450775146655],[70.87403106689482,20.704862594604492],[70.83819580078153,20.690141677856502],[70.80735778808611,20.700138092041072],[70.82763671875006,20.69791984558134],[70.8165283203125,20.71903038024925],[70.80374908447266,20.700695037842024],[70.67402648925798,20.75819015502924],[70.73384857177763,20.988439559936637],[70.7622833251956,20.96558189392107],[70.76802825927734,20.9619598388673]]]]}},{"type":"Feature","properties":{"name":"Delhi"},"geometry":{"type":"Polygon","coordinates":[[[77.21732330322277,28.835279464721793],[77.19692230224604,28.795280456542912],[77.28489685058594,28.712459564208984],[77.32348632812506,28.7158718109132],[77.31121063232422,28.644641876220817],[77.33753204345703,28.617492675781364],[77.29364776611328,28.579719543457145],[77.33773803710938,28.508970260620117],[77.24265289306652,28.48460006713873],[77.24061584472656,28.428859710693416],[77.16577148437506,28.40846061706543],[77.07247924804693,28.52028083801281],[77.00609588623053,28.542779922485465],[77.00554656982428,28.514440536499137],[76.8793716430664,28.509050369262695],[76.83761596679688,28.55698966979992],[76.87793731689459,28.637630462646598],[76.93390655517572,28.63764953613287],[76.94230651855469,28.820680618286246],[77.0315399169923,28.83679008483898],[77.07585144042969,28.884511947631836],[77.13919830322266,28.841669082641715],[77.1868667602539,28.866819381713867],[77.2106170654298,28.845291137695312],[77.21732330322277,28.835279464721793]]]}},{"type":"Feature","properties":{"name":"Goa"},"geometry":{"type":"MultiPolygon","coordinates":[[[[73.87986755371094,15.779211997985897],[73.88590240478527,15.747261047363395],[73.94976043701178,15.732630729675407],[74.00238800048834,15.609051704406966],[74.18302917480474,15.677350044250545],[74.2552566528322,15.654210090637207],[74.25441741943388,15.57250118255621],[74.28559875488298,15.534171104431266],[74.25633239746122,15.489520072937012],[74.34044647216825,15.296800613403434],[74.25752258300781,15.257629394531364],[74.31555938720703,15.203212738037223],[74.27834320068376,15.095899581909123],[74.30120086669922,15.044070243835506],[74.26206970214872,14.957551956176758],[74.21183776855474,14.921420097351131],[74.18036651611334,14.953049659729118],[74.16982269287126,14.909270286560115],[74.09708404541044,14.89569568634056],[74.043197631836,14.918471336364803],[74.05014038085966,14.987915992737044],[73.9118041992188,15.084028244018668],[73.94847106933605,15.145972251892147],[73.88625335693365,15.350418090820312],[73.78320312500017,15.408749580383528],[73.89679718017607,15.414580345154093],[73.78791046142607,15.461529731750488],[73.80541992187511,15.49485969543457],[73.76457977294928,15.49458026885992],[73.73124694824247,15.59041690826416],[73.75430297851574,15.617361068725529],[73.72264099121105,15.630140304565373],[73.6793060302735,15.721520423889274],[73.79321289062511,15.723660469055233],[73.8750991821289,15.78289985656744],[73.87986755371094,15.779211997985897]]]]}},{"type":"Feature","properties":{"name":"Gujarat"},"geometry":{"type":"MultiPolygon","coordinates":[[[[70.86096954345703,20.752918243408203],[70.87040710449247,20.718719482422102],[70.84034729003923,20.728450775146655],[70.86042022705084,20.752918243408203],[70.86096954345703,20.752918243408203]]],[[[72.67652893066406,21.155700683593807],[72.71041870117216,21.140693664550895],[72.6890258789063,21.089860916137695],[72.67457580566435,21.155700683593807],[72.67652893066406,21.155700683593807]]],[[[72.72264099121122,21.665971755981502],[72.75096893310553,21.65291595459007],[72.71679687500017,21.64459037780756],[72.72041320800798,21.665971755981502],[72.72264099121122,21.665971755981502]]],[[[69.62763977050798,22.459583282470703],[69.65708160400396,22.42819404602062],[69.636528015137,22.406530380249137],[69.58819580078125,22.437080383301065],[69.62541961669928,22.459583282470703],[69.62763977050798,22.459583282470703]]],[[[69.13680267334013,22.477638244628906],[69.08486175537115,22.42095947265625],[69.09348297119146,22.461530685424805],[69.13513946533197,22.477638244628906],[69.13680267334013,22.477638244628906]]],[[[69.91874694824224,22.553195953369084],[69.94152832031278,22.517915725708008],[69.862358093262,22.527080535888842],[69.91680908203142,22.553195953369084],[69.91874694824224,22.553195953369084]]],[[[70.00903320312528,22.59320068359375],[70.027084350586,22.567916870117244],[69.95791625976591,22.54957962036127],[70.00374603271479,22.59320068359375],[70.00903320312528,22.59320068359375]]],[[[68.55819702148455,23.313751220703068],[68.61207580566412,23.296531677246378],[68.61486053466814,23.271530151367244],[68.57402801513689,23.245140075683594],[68.5409698486331,23.265693664550724],[68.56791687011736,23.28124809265148],[68.55708312988281,23.313751220703068],[68.55819702148455,23.313751220703068]]],[[[68.58902740478544,23.37431144714384],[68.61736297607428,23.327640533447266],[68.56791687011736,23.372070312500284],[68.58875274658209,23.37431144714384],[68.58902740478544,23.37431144714384]]],[[[68.50681304931669,23.45654106140148],[68.52569580078153,23.43625068664545],[68.50290679931658,23.429311752319506],[68.50612640380876,23.45652961730957],[68.50681304931669,23.45654106140148]]],[[[68.47286224365263,23.480419158935547],[68.49485778808611,23.455972671509016],[68.48458099365251,23.403190612793082],[68.45819091796903,23.417917251587028],[68.47458648681669,23.45986366271984],[68.42124938964861,23.420141220092717],[68.41208648681658,23.443471908569336],[68.47235870361345,23.480419158935547],[68.47286224365263,23.480419158935547]]],[[[68.25514221191423,23.590139389038086],[68.25347137451178,23.582080841064453],[68.244857788086,23.58707809448265],[68.25402832031256,23.590139389038086],[68.25514221191423,23.590139389038086]]],[[[68.4820861816408,23.596809387206974],[68.43041992187517,23.507650375366325],[68.43541717529303,23.557083129883097],[68.48042297363287,23.596809387206974],[68.4820861816408,23.596809387206974]]],[[[68.45625305175793,23.624860763549805],[68.46652984619146,23.600980758666992],[68.44040679931646,23.586530685425032],[68.45569610595732,23.624860763549805],[68.45625305175793,23.624860763549805]]],[[[68.35846710205072,23.80513954162592],[68.42624664306646,23.794860839843977],[68.39013671875,23.65430831909174],[68.3754196166995,23.6431884765625],[68.38957977294939,23.6859722137454],[68.31485748291021,23.583471298217773],[68.27430725097685,23.5918102264406],[68.27847290039068,23.631250381469727],[68.30403137207037,23.630701065063533],[68.25013732910156,23.590972900390852],[68.19708251953153,23.59708595275879],[68.20458221435564,23.64735984802246],[68.31181335449224,23.65014076232933],[68.23124694824213,23.642915725708235],[68.33403015136747,23.71097183227556],[68.35679626464861,23.80513954162592],[68.35846710205072,23.80513954162592]]],[[[68.30790710449247,23.823749542236328],[68.32430267334013,23.73430824279791],[68.29125213623053,23.727640151977823],[68.28569793701178,23.754583358764705],[68.27403259277344,23.701250076293945],[68.26763916015653,23.77236175537132],[68.30680847167986,23.823749542236328],[68.30790710449247,23.823749542236328]]],[[[68.49652862548857,23.830972671508846],[68.51985931396501,23.817922592163313],[68.49847412109375,23.794582366943587],[68.51680755615251,23.754579544067326],[68.4895858764649,23.759582519531477],[68.50736236572271,23.74847030639654],[68.48764038085955,23.737081527710245],[68.46541595459013,23.775419235229776],[68.47680664062506,23.7406902313233],[68.4373626708985,23.73931121826172],[68.44790649414091,23.806531906128043],[68.49458312988287,23.830972671508846],[68.49652862548857,23.830972671508846]]],[[[68.39569091796892,23.878196716308594],[68.43930816650419,23.83903121948248],[68.42652893066435,23.81042098999029],[68.40541839599626,23.793191909790266],[68.37958526611357,23.838195800781307],[68.40152740478544,23.790416717529354],[68.35514068603521,23.810972213745288],[68.3301391601563,23.787361145019702],[68.34430694580107,23.83930969238304],[68.394027709961,23.878196716308594],[68.39569091796892,23.878196716308594]]],[[[68.44930267334001,23.938472747802848],[68.44209289550787,23.870422363281477],[68.42236328124994,23.894861221313704],[68.34986114501982,23.846250534057788],[68.35291290283232,23.900693893432845],[68.44736480712908,23.938472747802848],[68.44930267334001,23.938472747802848]]],[[[68.53541564941435,23.945972442626953],[68.58875274658209,23.91681098938011],[68.51708221435553,23.856527328491154],[68.48596954345709,23.889869689941634],[68.52569580078153,23.892641067504996],[68.53485870361357,23.945972442626953],[68.53541564941435,23.945972442626953]]],[[[68.4820861816408,23.992639541626147],[68.51847076416044,23.92430496215843],[68.4434661865235,23.848470687866495],[68.46291351318365,23.932083129882926],[68.42819213867193,23.937919616699446],[68.47708129882841,23.992639541626147],[68.4820861816408,23.992639541626147]]],[[[68.43013763427763,23.995420455932617],[68.4126358032226,23.92736053466814],[68.34513854980486,23.901250839233626],[68.33763885498075,23.819305419922102],[68.26597595214861,23.792917251586857],[68.2668075561524,23.691806793212947],[68.23792266845697,23.681528091430607],[68.19264221191412,23.730970382690487],[68.23430633544922,23.77486038208002],[68.21291351318388,23.834583282470703],[68.2873611450197,23.839307785034237],[68.24874877929716,23.853759765625],[68.317642211914,23.88042068481451],[68.259017944336,23.875141143798942],[68.27764129638689,23.91485977172846],[68.33458709716825,23.917640686035327],[68.35986328125,23.977640151977766],[68.39597320556646,23.96569442749046],[68.42846679687494,23.995420455932617],[68.43013763427763,23.995420455932617]]],[[[72.10186004638689,24.643339157104492],[72.30932617187528,24.611970901489258],[72.29512023925787,24.53844070434576],[72.4461669921875,24.448261260986385],[72.69753265380876,24.452630996704215],[72.9812774658206,24.380050659179744],[73.10762786865251,24.451810836791935],[73.19792938232433,24.339771270752067],[73.116508483887,24.15286064147955],[73.23513793945341,24.020111083984375],[73.41140747070307,24.0348415374757],[73.3626480102539,23.78742980957037],[73.65258789062506,23.500930786132812],[73.8367996215822,23.44013977050787],[74.03759765624994,23.305740356445256],[74.14569091796886,23.17523002624506],[74.28678131103521,23.091699600219954],[74.3655395507813,22.92957115173334],[74.47191619873047,22.83265113830572],[74.38108825683622,22.638639450073356],[74.25840759277355,22.62655067443859],[74.15795135498041,22.526569366455135],[74.0359191894533,22.49641990661621],[74.2641220092774,22.42464065551752],[74.22738647460938,22.369070053100643],[74.12914276123041,22.35268974304222],[74.06149291992205,22.280841827392578],[74.17214202880865,22.098529815673828],[74.10500335693365,21.998939514160213],[73.93636322021501,21.86314964294445],[73.88504791259783,21.71442985534668],[73.86078643798822,21.49582290649414],[74.07727050781244,21.55933952331543],[74.1788864135745,21.561820983886832],[74.20915222167974,21.531780242920036],[74.30805969238276,21.56705284118675],[74.32950592041021,21.50306129455589],[74.11097717285168,21.448101043701172],[74.07301330566418,21.476980209350586],[73.7460327148438,21.147609710693416],[73.60027313232439,21.154331207275504],[73.739067077637,21.09483909606945],[73.87918853759771,20.986471176147518],[73.94760894775408,20.829399108886832],[73.82543182373053,20.673618316650447],[73.69243621826178,20.575349807739315],[73.53040313720732,20.673120498657227],[73.45452880859375,20.686050415039062],[73.48372650146501,20.578430175781193],[73.4095230102539,20.401348114013672],[73.42032623291027,20.242280960083065],[73.23264312744152,20.140600204467887],[73.16351318359392,20.201469421386776],[73.09790802001953,20.173349380493107],[73.14015197753935,20.31468963623047],[73.0620422363283,20.325740814209098],[72.80148315429705,20.147117614746207],[72.73986053466814,20.14875030517578],[72.75569152832048,20.29208374023449],[72.8620223999024,20.41046905517601],[72.8854064941408,20.502920150757063],[72.89597320556646,20.593471527099666],[72.85319519042969,20.730970382690373],[72.88903045654314,20.747083663940657],[72.83486175537126,20.783470153808537],[72.79096984863281,20.944305419921875],[72.77097320556658,20.91653060913086],[72.74930572509771,20.953750610351676],[72.72374725341803,21.04736137390148],[72.76763916015653,21.06847381591797],[72.70403289794939,21.080141067504883],[72.72069549560553,21.140693664550895],[72.67014312744146,21.156528472900447],[72.65847015380865,21.089582443237305],[72.6290283203125,21.077917098998967],[72.61985778808588,21.220420837402457],[72.65235900878912,21.225421905517635],[72.61235809326178,21.22875022888195],[72.58902740478516,21.277082443237305],[72.64958190917997,21.370695114135685],[72.62680816650396,21.382917404174975],[72.6962509155274,21.465139389038086],[72.6456909179688,21.433750152588004],[72.6712493896485,21.514862060546932],[72.74013519287115,21.549863815307845],[72.62513732910162,21.493749618530273],[72.597640991211,21.55319595336931],[72.6276397705081,21.61458206176752],[72.83347320556669,21.672361373901424],[72.73374938964844,21.6881942749024],[72.54985809326166,21.65847015380882],[72.51069641113287,21.691528320312614],[72.56819152832031,21.82513809204113],[72.5187530517581,21.857641220092717],[72.50290679931669,21.938751220703068],[72.56764221191423,22.185972213745174],[72.64485931396484,22.217084884643782],[72.75763702392578,22.174028396606445],[72.80764007568365,22.244859695434627],[72.88236236572283,22.226804733276595],[72.91764068603533,22.274860382080192],[72.86430358886724,22.24430465698265],[72.8484725952149,22.282083511352653],[72.74958038330095,22.23180961608915],[72.69152832031278,22.237361907959155],[72.64236450195307,22.283193588256836],[72.54096984863287,22.243461608886776],[72.55263519287115,22.28069496154808],[72.48513793945318,22.198194503784407],[72.49124908447277,22.245971679687784],[72.38791656494169,22.313472747802734],[72.41208648681646,22.358470916748217],[72.36486053466797,22.377639770507983],[72.40125274658232,22.3556938171389],[72.3740310668947,22.311250686645792],[72.41458129882841,22.295141220092887],[72.41208648681646,22.22014045715349],[72.39901733398455,22.2004203796389],[72.3601379394533,22.268194198608626],[72.3906860351563,22.167640686035327],[72.37513732910185,22.150693893432674],[72.35986328125028,22.191804885864485],[72.34179687500017,22.127639770507812],[72.29624938964844,22.202083587646484],[72.32236480712908,22.12152862548828],[72.27707672119169,21.931249618530217],[72.2423629760745,22.045141220092944],[72.29930877685553,22.065694808960075],[72.30041503906267,22.10847282409685],[72.26653289794928,22.101249694824162],[72.23347473144548,22.020971298217773],[72.17514038085943,22.038471221923828],[72.22985839843767,22.00235939025879],[72.22097015380865,21.96292114257841],[72.18708038330072,21.944305419921875],[72.14679718017607,21.982919692993164],[72.14736175537138,21.95569419860857],[72.22013854980486,21.947919845581055],[72.25624847412115,21.890140533447322],[72.2681961059572,21.74485969543457],[72.24708557128912,21.79041671752941],[72.18376159667974,21.823749542236385],[72.23930358886747,21.78930473327665],[72.30403137207048,21.62431144714384],[72.23513793945341,21.45652770996105],[72.10375213623064,21.27874946594244],[72.07569122314447,21.29930686950712],[72.11513519287138,21.200138092041186],[72.0101394653322,21.134309768676758],[72.00902557373053,21.182361602783317],[71.97708129882807,21.12181091308605],[71.82096862792974,21.07208251953125],[71.761528015137,21.020416259765625],[71.51652526855469,20.94847488403326],[71.44040679931658,20.87014007568382],[71.3862533569336,20.87597274780296],[71.05097198486334,20.731531143188533],[70.98792266845732,20.722640991211108],[70.98486328125028,20.744304656982422],[70.88854217529325,20.708749771118107],[70.91902923584013,20.74375152587902],[70.87374877929688,20.727083206176758],[70.84358215332048,20.76038932800293],[70.84053039550798,20.857780456543026],[70.77926635742182,20.967010498046875],[70.66291809082026,20.756248474121094],[70.4373626708985,20.854310989379883],[70.0984725952149,21.1056804656983],[69.77902984619169,21.458196640014762],[69.8040313720706,21.463750839233512],[69.77513885498053,21.45985984802269],[69.71125030517584,21.53124809265148],[69.7637481689456,21.590139389038313],[69.73764038085966,21.65041923522955],[69.67846679687506,21.63875007629406],[69.71708679199236,21.60320091247553],[69.69763183593767,21.593481063842944],[69.63513946533209,21.639312744140796],[69.7220764160158,21.573749542236442],[69.71069335937506,21.539306640625114],[69.60319519042963,21.63458251953125],[69.59014129638678,21.620420455932617],[69.1770782470706,21.999570846557617],[68.95819091796892,22.237361907959155],[68.93818664550787,22.301250457763842],[68.98319244384771,22.411809921264705],[69.06652832031267,22.477638244628906],[69.0851364135745,22.47236061096214],[69.04514312744158,22.42875289917015],[69.07013702392595,22.395416259765625],[69.19346618652372,22.42346954345703],[69.16014099121111,22.307079315185604],[69.22180175781256,22.258462905883732],[69.31847381591814,22.290695190429688],[69.33429718017595,22.330141067504996],[69.48319244384794,22.33514022827177],[69.52236175537126,22.382921218872298],[69.49986267089861,22.434579849243164],[69.56569671630865,22.35708045959467],[69.59152984619169,22.359861373901538],[69.57653045654314,22.322639465332315],[69.59430694580084,22.35208320617687],[69.60736083984403,22.326250076294173],[69.62291717529303,22.367080688476847],[69.69930267334013,22.39819908142107],[69.70207977294928,22.43403053283697],[69.67263793945312,22.44403076171875],[69.7295761108399,22.474029541015852],[69.74485778808605,22.4312496185305],[69.79651641845709,22.402639389038313],[69.83790588378912,22.498470306396655],[69.83930206298857,22.454862594604492],[69.87152862548857,22.44708251953125],[69.91208648681646,22.460140228271655],[69.93125152587919,22.509582519531364],[69.95735931396513,22.500139236450366],[69.94652557373041,22.52847290039074],[69.97791290283209,22.54347229003929],[70.16291809082037,22.55181121826172],[70.23986053466825,22.662080764770508],[70.25319671630888,22.732360839843864],[70.29708099365263,22.75291633605957],[70.35402679443365,22.86875152587902],[70.42375183105469,22.933748245239315],[70.4859695434572,23.07708358764654],[70.39986419677763,23.02874946594261],[70.38625335693365,22.947929382324162],[70.34513854980497,22.93041610717802],[70.19930267334001,22.995981216430778],[70.22180175781267,22.957916259765682],[70.12291717529325,22.960969924926758],[70.15319061279303,23.029018402099666],[70.11264038085966,22.973472595214787],[70.12403106689459,22.950141906738338],[70.09375000000028,22.950416564941406],[70.1337509155274,22.926250457763786],[69.79930877685564,22.850694656372013],[69.70707702636724,22.72931098937994],[69.63402557373053,22.793195724487248],[69.63957977294933,22.76541709899908],[69.55346679687517,22.792079925537166],[69.46985626220732,22.77374839782715],[69.35485839843744,22.828470230102596],[69.18653106689459,22.843469619750977],[68.65486145019526,23.153192520141545],[68.6315307617188,23.172916412353686],[68.67597198486334,23.14264106750494],[68.58708190917974,23.235696792602766],[68.62930297851557,23.214311599731673],[68.60458374023443,23.23958396911644],[68.66791534423834,23.271804809570483],[68.63014221191412,23.28986167907709],[68.72958374023466,23.29847145080572],[68.7565307617187,23.328189849853516],[68.72513580322271,23.297641754150334],[68.66374969482428,23.322916030883903],[68.64930725097685,23.30569458007841],[68.60236358642607,23.38319587707531],[68.60041809082037,23.360971450805664],[68.56318664550781,23.382640838623104],[68.4931869506836,23.50319099426264],[68.50041961669939,23.65625190734886],[68.52404022216814,23.65153121948265],[68.55847167968756,23.719030380249194],[68.74375152587885,23.83930969238304],[68.7254180908206,23.83319473266613],[68.75430297851562,23.871805191040266],[68.59986114501959,23.8479194641115],[68.52597045898455,23.757917404174748],[68.51791381835932,23.82569694519043],[68.65958404541044,23.915971755981616],[68.54763793945341,23.93375015258806],[68.54291534423828,23.957361221313647],[68.86962890624994,24.209035873413256],[69.31027221679705,24.27668762207054],[69.70866394042997,24.188901901245345],[70.6026916503908,24.378110885620345],[70.61380004882818,24.23944854736328],[70.89972686767584,24.30110168457054],[71.1241531372072,24.42770957946783],[71.02047729492193,24.630510330200195],[71.5514221191408,24.67063140869135],[72.09091186523466,24.64869117736822],[72.10186004638689,24.643339157104492]]]]}},{"type":"Feature","properties":{"name":"Haryana"},"geometry":{"type":"Polygon","coordinates":[[[76.83715057373058,30.878871917724837],[76.9021606445313,30.89722824096691],[76.93370056152372,30.83196258544922],[76.97910308837885,30.798812866211108],[76.99584197998058,30.816709518432617],[77.01309967041033,30.742208480835075],[77.0768432617188,30.74476051330572],[77.15177154541033,30.690509796142692],[77.15863800048845,30.603141784668026],[77.11149597167969,30.56728935241705],[77.19082641601557,30.51932907104498],[77.20260620117216,30.4803409576416],[77.33937835693388,30.46360015869152],[77.40061187744169,30.418750762939453],[77.45053863525396,30.46523094177269],[77.41644287109403,30.408391952514876],[77.49134826660162,30.41735076904297],[77.50534057617182,30.44836044311529],[77.59012603759771,30.377260208129996],[77.57035064697294,30.311229705810604],[77.4153213500976,30.156690597534293],[77.4144287109375,30.10713005065918],[77.2698822021485,30.044229507446403],[77.17955780029325,29.902269363403548],[77.15238189697271,29.793279647827205],[77.11704254150408,29.770900726318587],[77.14260101318376,29.701639175415096],[77.08561706542974,29.600799560546875],[77.10971832275419,29.552989959716797],[77.0864868164062,29.52826118469244],[77.13938903808594,29.442100524902344],[77.14597320556669,29.39248085021984],[77.11752319335949,29.35715103149414],[77.15421295166016,29.316921234130916],[77.12204742431646,29.10576820373558],[77.21418762207037,29.00596046447754],[77.19013977050787,28.95566177368164],[77.22119140625017,28.904132843017578],[77.13919830322266,28.841669082641715],[77.07013702392595,28.880010604858455],[77.03153991699247,28.83679008483898],[76.95800781250006,28.830329895019645],[76.93736267089861,28.809150695800895],[76.95421600341803,28.7005290985108],[76.91748809814482,28.65727043151861],[76.93390655517572,28.63764953613304],[76.83291625976568,28.582508087158317],[76.87380981445341,28.51439094543457],[77.00554656982428,28.514440536499137],[77.0002059936524,28.54199981689453],[77.06746673584001,28.520650863647518],[77.16577148437506,28.40846061706543],[77.24061584472656,28.428859710693416],[77.23673248291027,28.47969055175787],[77.33447265625017,28.5110893249514],[77.47455596923834,28.413511276245174],[77.49423980712919,28.35826110839855],[77.46592712402344,28.33394050598139],[77.49417114257818,28.300260543823526],[77.46730041503912,28.269720077514762],[77.54120635986322,28.24774169921875],[77.51911926269548,28.201780319214095],[77.48912048339872,28.211990356445426],[77.49211883544928,28.18510055541998],[77.54236602783203,28.181659698486328],[77.49636840820341,28.159870147705078],[77.46887207031278,28.086011886596737],[77.5352172851563,27.99333000183117],[77.50958251953142,27.973331451416016],[77.53613281250006,27.9493026733399],[77.47766113281278,27.94021034240734],[77.44584655761719,27.878408432006836],[77.41104125976568,27.895019531249943],[77.41442108154314,27.860691070556868],[77.33933258056646,27.85959053039545],[77.23455810546892,27.78581047058117],[77.19676208496111,27.819440841674748],[77.16870117187494,27.784900665283203],[77.17587280273443,27.81445121765148],[77.15209960937494,27.815771102905387],[77.12520599365229,27.776931762695597],[77.03827667236345,27.820041656494197],[77.02066802978544,27.77812004089361],[77.07943725585932,27.74019050598139],[76.99353790283209,27.741701126098746],[76.97049713134794,27.65714263916027],[76.90540313720709,27.655969619751033],[76.88092041015642,27.69936943054222],[76.91220092773455,27.706100463867415],[76.88407897949247,27.730909347534293],[76.90377807617188,27.832660675049055],[76.92664337158232,27.83422088623064],[76.91864776611322,27.997610092163086],[76.95654296875011,28.14600944519043],[76.85048675537115,28.22666931152355],[76.80580902099615,28.215890884399414],[76.79148864746094,28.157241821289176],[76.64785003662126,28.092210769653377],[76.65455627441412,28.01556968688965],[76.53819274902344,27.97054100036621],[76.53124237060575,28.043111801147575],[76.45574188232422,28.04648017883312],[76.49765777587919,28.06473159790039],[76.45343017578153,28.087789535522575],[76.4568862915039,28.110389709472656],[76.49780273437506,28.106620788574276],[76.47099304199213,28.154741287231502],[76.3767700195312,28.138071060180664],[76.33590698242216,28.177341461181754],[76.27906799316435,28.178720474243164],[76.34934234619158,28.132150650024357],[76.29740142822294,28.10104942321783],[76.35048675537126,28.075780868530217],[76.3412628173831,28.03605079650879],[76.29012298583996,28.02989959716797],[76.25109863281267,28.070920944214095],[76.17733764648443,28.059259414672965],[76.21382904052746,28.03168106079096],[76.15493774414057,27.9989910125733],[76.17946624755865,27.972841262817496],[76.16974639892584,27.90974998474144],[76.22328186035173,27.840930938720817],[76.17292022705095,27.807460784912166],[76.08806610107428,27.868448257446346],[76.04962921142607,27.847860336303654],[75.96308135986328,27.864730834960938],[75.97738647460938,27.909259796142578],[75.92362213134783,27.933090209960994],[75.96317291259771,27.936950683593864],[75.98690795898432,27.984630584716797],[75.9563980102539,28.001020431518498],[75.98911285400396,28.00432968139654],[75.96998596191423,28.030948638916016],[76.01007843017584,28.036710739135742],[76.03420257568354,28.0799503326416],[75.98455047607428,28.050741195678825],[75.94249725341814,28.105630874633732],[76.0161972045899,28.161079406738395],[76.09288787841803,28.155218124389705],[76.01119232177734,28.241750717163086],[76.01872253417997,28.280958175659293],[75.92237854003918,28.368909835815543],[75.78256225585943,28.40723037719721],[75.77822875976591,28.457611083984432],[75.62909698486328,28.545970916748104],[75.6180496215822,28.602209091186467],[75.55570983886736,28.614591598511026],[75.46888732910156,28.937990188598746],[75.50354766845732,28.95182037353527],[75.51107025146501,29.004140853882006],[75.43473815917969,29.016540527343693],[75.42975616455107,29.05617904663086],[75.3821868896485,29.083599090576172],[75.39620971679688,29.128440856933707],[75.36763000488298,29.15042114257824],[75.39438629150396,29.174270629882756],[75.39868927001953,29.254989624023438],[75.31492614746122,29.235960006713924],[75.31926727294928,29.293439865112248],[75.21195983886719,29.234529495239315],[75.16401672363293,29.26437950134283],[75.09250640869169,29.22911262512224],[75.0399169921875,29.287149429321516],[74.95310974121122,29.28194046020502],[74.92196655273443,29.36603164672863],[74.84113311767607,29.404069900512923],[74.75663757324247,29.355960845947266],[74.65017700195324,29.37236976623535],[74.64412689208979,29.335348129272575],[74.60603332519548,29.327579498291186],[74.52955627441423,29.434999465942496],[74.54280853271513,29.466569900512695],[74.57891082763672,29.45862007141136],[74.61168670654325,29.520008087158203],[74.57060241699224,29.568540573120117],[74.6054000854495,29.752880096435547],[74.47200012207037,29.744029998779354],[74.46526336669939,29.787549972534407],[74.54747009277361,29.856920242309684],[74.50502777099621,29.907760620117415],[74.51906585693376,29.943349838256893],[74.639633178711,29.903949737548828],[74.69078826904303,29.96927070617687],[74.80117797851568,29.992572784423942],[74.88149261474615,29.968349456787223],[74.88523864746094,29.939109802246207],[74.91573333740229,29.94915962219244],[74.99411010742216,29.86320114135748],[75.06040191650396,29.876119613647575],[75.0848007202149,29.915140151977482],[75.09017944335943,29.806661605835075],[75.14171600341825,29.777008056640625],[75.18860626220709,29.83457946777372],[75.23097991943388,29.75206756591797],[75.15892028808588,29.669361114501953],[75.22321319580078,29.598890304565487],[75.22432708740263,29.5500297546389],[75.29064941406256,29.5617618560791],[75.30451202392595,29.588478088378963],[75.2805633544923,29.610109329223746],[75.31772613525396,29.6707000732423],[75.35044860839861,29.659280776977766],[75.33535003662104,29.693849563598746],[75.37877655029303,29.711299896240234],[75.44426727294916,29.807849884033374],[75.56308746337885,29.744239807129077],[75.65638732910173,29.776060104370117],[75.6974487304688,29.755210876464957],[75.70987701416021,29.812259674072322],[75.77243804931646,29.82467079162609],[75.82901763916033,29.81232070922863],[75.87928009033214,29.7470703125],[76.03565216064459,29.746681213378906],[76.07766723632841,29.805772781372127],[76.1163864135745,29.796400070190373],[76.23795318603533,29.865459442138672],[76.1846389770509,29.888580322265568],[76.16961669921903,29.936559677124137],[76.20387268066412,29.94412040710455],[76.1915664672851,30.018230438232592],[76.25499725341803,30.104579925537053],[76.18962097167997,30.136690139770735],[76.21192932128935,30.135061264038313],[76.20558929443365,30.159349441528377],[76.2511596679688,30.1189994812014],[76.3283767700197,30.109510421753157],[76.34892272949213,30.127660751342887],[76.32588195800798,30.14924049377447],[76.38436889648466,30.123832702636776],[76.38674163818376,30.18699073791504],[76.42000579833996,30.197879791259766],[76.45208740234403,30.100709915161246],[76.59877777099604,30.07970046997093],[76.64171600341797,30.189250946045206],[76.590316772461,30.25412178039568],[76.5325317382813,30.227130889892805],[76.54763793945341,30.26492118835455],[76.6098175048831,30.27061080932623],[76.71515655517595,30.332910537719727],[76.7350158691408,30.364910125732536],[76.70014953613287,30.393611907958984],[76.76332855224621,30.439729690551815],[76.78069305419933,30.415021896362305],[76.82789611816423,30.430330276489258],[76.86473083496094,30.408790588378963],[76.88022613525396,30.35970115661621],[76.93026733398466,30.39258956909174],[76.8888473510745,30.44111061096197],[76.91828918457048,30.507230758667106],[76.88775634765625,30.538150787353516],[76.91342926025396,30.599702835083008],[76.86194610595714,30.640270233154524],[76.86310577392607,30.67151069641136],[76.81881713867193,30.66059112548851],[76.84678649902361,30.792520523071232],[76.76254272460943,30.893409729003906],[76.81339263916033,30.92732048034685],[76.82266235351591,30.888099670410213],[76.83715057373058,30.878871917724837]]]}},{"type":"Feature","properties":{"name":"Himachal Pradesh"},"geometry":{"type":"Polygon","coordinates":[[[76.80275726318365,33.23666000366211],[76.82834625244146,33.24639892578131],[76.80345916748047,33.15568923950218],[76.87719726562511,33.11423873901384],[76.91751098632812,33.03367996215849],[76.99846649169928,32.98957061767578],[77.13639068603521,32.980461120605526],[77.14618682861322,32.914020538330305],[77.17385864257812,32.93112945556652],[77.32789611816412,32.81988143920893],[77.387466430664,32.88552093505865],[77.45522308349626,32.8617401123048],[77.66520690917986,32.98603057861351],[77.71248626708979,32.97180175781244],[77.7901687622072,32.90542984008812],[77.76142883300787,32.864830017089844],[77.91513061523443,32.76605987548828],[77.90325164794939,32.69309997558605],[77.9825592041015,32.5865287780764],[78.03579711914062,32.59194946289068],[78.03389739990251,32.63560867309582],[78.06533050537138,32.624279022216854],[78.09337615966791,32.662151336669865],[78.12149810791021,32.642349243164176],[78.15254211425798,32.67901992797857],[78.21293640136747,32.66918945312506],[78.29572296142607,32.71281051635748],[78.2876586914063,32.737831115722656],[78.37135314941412,32.76182937622076],[78.36315155029303,32.67198944091797],[78.38881683349638,32.62322998046881],[78.29662322998053,32.577510833740405],[78.27851867675787,32.50793075561529],[78.31040954589872,32.475929260253906],[78.3824310302735,32.5296516418457],[78.43839263916044,32.505352020263786],[78.43811035156256,32.45639038085949],[78.51876068115251,32.41849899292015],[78.4640731811524,32.352230072021484],[78.43920898437517,32.2464599609375],[78.53942108154303,32.24998092651367],[78.5929107666015,32.218669891357706],[78.57431030273443,32.15861892700195],[78.59733581542986,32.12203216552746],[78.77102661132841,31.999811172485465],[78.69135284423828,31.79335021972679],[78.72466278076183,31.76386070251465],[78.73439788818388,31.69198036193859],[78.77964782714838,31.68984031677246],[78.83109283447277,31.61526107788086],[78.70664215087908,31.51839256286621],[78.71658325195318,31.484882354736442],[78.79547882080072,31.452762603759766],[78.77643585205095,31.401229858398494],[78.83422851562517,31.372470855712947],[78.82901000976591,31.33020019531267],[78.97187042236357,31.182371139526424],[78.99658203125006,31.115339279174748],[78.87139892578125,31.107320785522404],[78.79503631591808,31.205039978027344],[78.64769744873064,31.194669723510856],[78.59536743164091,31.236391067504883],[78.47010803222673,31.203750610351562],[78.35632324218756,31.290870666503906],[78.02995300292974,31.185310363769588],[78.01423645019531,31.154939651489258],[77.95475769042986,31.178779602050838],[77.88748931884771,31.154701232910156],[77.80060577392572,31.06208038330101],[77.82533264160162,31.008132934570426],[77.79641723632812,30.969820022583235],[77.81714630126964,30.953569412231502],[77.7638778686524,30.976989746093807],[77.7345733642581,30.959569931030273],[77.74559783935553,30.922309875488395],[77.79561614990263,30.923799514770508],[77.78936767578125,30.858549118042106],[77.7445220947265,30.881191253662166],[77.74440765380865,30.82985115051281],[77.68828582763689,30.76866912841797],[77.74109649658197,30.710660934448242],[77.73340606689464,30.68582916259794],[77.77905273437494,30.663770675659407],[77.78199005126959,30.619358062744425],[77.72952270507812,30.5983829498291],[77.76184844970732,30.562988281250114],[77.80323791503935,30.563779830932788],[77.81064605712896,30.533180236816634],[77.67906951904325,30.451730728149414],[77.57463073730486,30.426519393920955],[77.56534576416021,30.384889602661246],[77.5098495483399,30.448829650878906],[77.48683166503935,30.41261291503912],[77.41644287109403,30.408391952514876],[77.45053863525396,30.46523094177269],[77.40061187744169,30.418750762939453],[77.34607696533197,30.461900711059627],[77.20260620117216,30.4803409576416],[77.18534851074236,30.525880813598633],[77.12233734130888,30.548231124878043],[77.11149597167969,30.56728935241705],[77.15863800048845,30.603141784668026],[77.1535263061524,30.688720703125],[77.0768432617188,30.74476051330572],[77.01309967041033,30.742208480835075],[76.99796295166044,30.814291000366268],[76.95375061035156,30.81121063232439],[76.9021606445313,30.89722824096691],[76.85243225097685,30.870689392089844],[76.81018829345709,30.93037986755371],[76.76985931396513,30.906391143798942],[76.71260070800793,30.963420867920036],[76.61006927490251,31.004230499267692],[76.59896850585932,31.053550720214957],[76.62573242187517,31.11024284362793],[76.5893173217774,31.12770080566429],[76.5903930664062,31.18285942077631],[76.63414764404303,31.21533966064453],[76.5806121826173,31.21635246276861],[76.601615905762,31.25090980529785],[76.5705032348634,31.280149459838867],[76.53495025634766,31.255350112915266],[76.5371704101562,31.283950805664176],[76.51811218261719,31.262310028076286],[76.46671295166021,31.310211181640682],[76.43113708496094,31.282840728759822],[76.44827270507841,31.30599021911644],[76.36313629150396,31.44135093688982],[76.31584167480474,31.40237808227539],[76.33666229248058,31.353019714355753],[76.29609680175781,31.31920051574707],[76.17282867431669,31.306739807129077],[76.13503265380865,31.361759185791016],[76.15349578857428,31.414012908935547],[75.9218292236331,31.817180633545036],[75.97146606445312,31.81454849243164],[75.89454650878935,31.949800491333235],[75.68981933593756,32.06153106689476],[75.57875823974626,32.08168029785156],[75.6618270874024,32.16466903686535],[75.62021636962896,32.185169219970874],[75.62254333496105,32.23468017578125],[75.73639678955084,32.27376174926769],[75.8438796997072,32.37931060791021],[75.93463134765653,32.4247589111331],[75.85096740722673,32.507869720458984],[75.92362213134783,32.64369964599621],[75.89657592773443,32.691059112549055],[75.91248321533232,32.757122039795036],[75.78742218017595,32.89332199096674],[75.83389282226591,32.93460083007824],[75.9337768554688,32.884311676025504],[75.98741912841808,32.90058135986351],[76.09368896484403,33.00482940673828],[76.23728942871105,33.032588958740234],[76.27500152587896,33.10398864746088],[76.39167785644548,33.186691284179744],[76.58190155029303,33.2068710327149],[76.62700653076166,33.162479400634766],[76.7298660278322,33.1794319152832],[76.75534057617216,33.24948883056652],[76.79693603515653,33.24121093750006],[76.80275726318365,33.23666000366211]]]}},{"type":"Feature","properties":{"name":"Jammu and Kashmir"},"geometry":{"type":"Polygon","coordinates":[[[77.89956665039091,35.4278945922851],[77.99064636230474,35.48711013793957],[78.10983276367205,35.476768493652344],[77.9970703125,35.3940887451173],[77.99185180664074,35.3485488891601],[78.04276275634771,35.20233154296881],[78.12417602539068,35.135421752929915],[78.08287048339872,35.082489013671875],[78.24803161621122,34.69509887695307],[78.39836120605463,34.64863204956083],[78.42511749267595,34.60346221923851],[78.56933593750006,34.611949920654524],[78.82495117187506,34.414131164550895],[78.98146057128906,34.33285140991211],[78.99340057373058,34.288742065429915],[78.95619964599615,34.217830657959155],[78.70638275146513,34.072181701660156],[78.7703628540039,34.01972961425781],[78.71578979492205,33.96453094482433],[78.71156311035156,33.92250061035162],[78.783988952637,33.77043151855469],[78.71098327636713,33.654869079589844],[78.82325744628912,33.48348999023449],[79.06659698486334,33.29589080810547],[79.07496643066406,33.228610992431925],[79.18546295166021,33.19123077392584],[79.40983581542963,33.17877197265625],[79.35247039794939,32.979030609130916],[79.44857788085955,32.88922882080078],[79.47122955322294,32.80282211303734],[79.54052734375017,32.748691558838004],[79.56429290771513,32.670761108398494],[79.54535675048834,32.60736083984392],[79.44801330566423,32.58607864379883],[79.31221771240251,32.48709106445324],[79.25840759277344,32.52338027954107],[79.20295715332037,32.510829925537166],[79.1265258789063,32.46430969238298],[79.10446929931635,32.371711730957145],[79.0492172241211,32.383369445801065],[78.97720336914091,32.34276962280296],[78.78118133544922,32.475299835205135],[78.78032684326178,32.59832000732433],[78.74592590332048,32.696079254150675],[78.62567138671886,32.607051849365234],[78.45272064208979,32.579502105713004],[78.41223907470714,32.556060791015625],[78.41652679443376,32.51509857177757],[78.3824310302735,32.5296516418457],[78.31040954589872,32.475929260253906],[78.27851867675787,32.50793075561529],[78.29662322998053,32.577510833740405],[78.38881683349638,32.62322998046881],[78.36315155029303,32.67198944091797],[78.37135314941412,32.76182937622076],[78.2876586914063,32.737831115722656],[78.29572296142607,32.71281051635748],[78.21293640136747,32.66918945312506],[78.15254211425798,32.67901992797857],[78.12149810791021,32.642349243164176],[78.09337615966791,32.662151336669865],[78.06533050537138,32.624279022216854],[78.03389739990251,32.63560867309582],[78.03579711914062,32.59194946289068],[77.9825592041015,32.5865287780764],[77.90325164794939,32.69309997558605],[77.91513061523443,32.76605987548828],[77.76142883300787,32.864830017089844],[77.7901687622072,32.90542984008812],[77.71248626708979,32.97180175781244],[77.66520690917986,32.98603057861351],[77.45522308349626,32.8617401123048],[77.387466430664,32.88552093505865],[77.32789611816412,32.81988143920893],[77.17385864257812,32.93112945556652],[77.14618682861322,32.914020538330305],[77.13639068603521,32.980461120605526],[76.99846649169928,32.98957061767578],[76.91751098632812,33.03367996215849],[76.87719726562511,33.11423873901384],[76.80345916748047,33.15568923950218],[76.82834625244146,33.24639892578131],[76.77826690673822,33.255710601806584],[76.7298660278322,33.1794319152832],[76.62700653076166,33.162479400634766],[76.54747772216791,33.2095298767091],[76.39167785644548,33.186691284179744],[76.27500152587896,33.10398864746088],[76.23728942871105,33.032588958740234],[76.09368896484403,33.00482940673828],[76.08220672607428,32.96879959106457],[75.94577026367188,32.88513946533209],[75.86711883544916,32.93021011352545],[75.80795288085966,32.92979049682617],[75.78983306884794,32.88140106201166],[75.91248321533232,32.757122039795036],[75.89657592773443,32.691059112549055],[75.92362213134783,32.64369964599621],[75.80433654785185,32.48706054687523],[75.74592590332037,32.47634887695318],[75.68495941162138,32.40061950683594],[75.54515075683622,32.36082077026367],[75.4989471435548,32.27532958984381],[75.47223663330084,32.34004974365246],[75.32232666015636,32.337326049804915],[75.18852996826189,32.424480438232536],[75.12792968750006,32.42116928100609],[75.07160949707048,32.48296356201172],[75.03016662597685,32.49176025390625],[74.97934722900396,32.44776916503929],[74.83532714843756,32.49621200561518],[74.69841766357428,32.48493957519537],[74.64221191406278,32.61104965209961],[74.67620849609392,32.65800094604509],[74.65013885498053,32.7184104919433],[74.69702148437517,32.839714050293026],[74.64199829101591,32.822898864746094],[74.61423492431658,32.75773239135742],[74.53153228759771,32.74073028564476],[74.46605682373053,32.781360626220646],[74.4138946533206,32.90394973754894],[74.31803131103533,32.91970062255871],[74.34983062744135,33.016250610351506],[74.20524597167963,33.04330062866211],[74.11170196533209,33.164440155029354],[74.01427459716808,33.19824981689453],[74.02030181884766,33.258781433105696],[74.1029815673831,33.270542144775504],[74.17074584960938,33.346649169922046],[74.18707275390636,33.45552062988281],[74.09571075439464,33.570396423339844],[74.02844238281244,33.57468032836914],[73.95625305175787,33.72029113769531],[74.06572723388678,33.82009887695335],[74.21967315673834,33.86717605590832],[74.26274108886724,33.97428894042997],[74.21467590332037,34.03855514526367],[74.12369537353521,34.05517959594749],[74.00607299804699,34.022441864013786],[73.88321685791021,34.04994964599632],[73.90408325195307,34.122249603271484],[73.97657775878906,34.211803436279354],[73.9762268066408,34.264808654785156],[73.89940643310553,34.359813690185604],[73.84175109863298,34.33832168579096],[73.76432037353533,34.371070861816406],[73.77698516845709,34.416301727295036],[73.8987426757812,34.49576950073248],[73.89533996582048,34.54666900634777],[73.94806671142584,34.573089599609375],[73.92733001709013,34.645889282226506],[73.96022033691406,34.69668197631847],[74.14179229736345,34.691200256347884],[74.30729675292963,34.8003044128418],[74.375541687012,34.803443908691406],[74.58017730712902,34.77009963989269],[74.70300292968756,34.69308090209972],[74.9105072021485,34.68320846557617],[75.01874542236328,34.641498565674055],[75.24971008300776,34.647312164306584],[75.26185607910162,34.610881805419865],[75.37782287597662,34.55242156982416],[75.74920654296903,34.515830993652344],[76.03646087646513,34.67026901245117],[76.15791320800787,34.64340972900385],[76.47434234619146,34.79437255859398],[76.56181335449236,34.758338928222884],[76.68181610107422,34.75959014892578],[76.74324035644537,34.84009933471691],[76.74936676025396,34.92660140991228],[76.87004089355486,34.972431182861555],[76.99748992919928,34.939151763916016],[77.01809692382818,35.03846359252941],[77.06836700439447,35.024120330810774],[77.15682220458996,35.05469894409191],[77.82392883300798,35.50133132934593],[77.88862609863287,35.428871154785156],[77.89956665039091,35.4278945922851]]]}},{"type":"Feature","properties":{"name":"Jharkhand"},"geometry":{"type":"Polygon","coordinates":[[[87.59989166259771,25.314662933349553],[87.68415069580095,25.310131072998047],[87.70778656005876,25.25640869140625],[87.78367614746094,25.24299049377464],[87.77266693115234,25.099098205566406],[87.87697601318376,25.028039932251204],[87.97228240966825,24.90336990356451],[87.86631011962908,24.820749282837028],[87.85846710205095,24.767810821533146],[87.83524322509771,24.76323127746582],[87.83368682861345,24.787860870361328],[87.81806182861328,24.765981674194336],[87.90215301513689,24.718498229980582],[87.90161132812506,24.612581253051758],[87.8727416992187,24.61071968078619],[87.90997314453142,24.593868255615178],[87.84821319580084,24.55105018615734],[87.76940917968767,24.581760406494368],[87.80481719970732,24.549221038818473],[87.79515075683611,24.4910507202149],[87.82190704345709,24.496440887451172],[87.78620910644531,24.418621063232422],[87.81002044677751,24.406620025634766],[87.75849914550781,24.30783081054699],[87.6813583374024,24.24644088745123],[87.64002990722685,24.246030807495117],[87.63772583007841,24.2115802764892],[87.69399261474638,24.18197822570812],[87.68956756591803,24.14983940124523],[87.57669830322294,24.15888023376465],[87.60481262207048,24.12656974792492],[87.55972290039091,24.08288955688471],[87.49359893798845,24.115209579467773],[87.50903320312517,24.034679412841797],[87.43650054931669,24.01094245910639],[87.45980072021479,23.984832763671932],[87.32395935058622,23.997062683105696],[87.32628631591791,24.030130386352596],[87.2348022460938,24.03731918334961],[87.25953674316406,23.96992111206066],[87.29181671142595,23.955699920654297],[87.29454803466803,23.898571014404354],[87.27041625976562,23.872940063476676],[87.24822235107433,23.90701103210455],[87.242729187012,23.826160430908146],[87.21975708007818,23.827209472656193],[87.22782897949247,23.85530281066889],[87.19164276123047,23.840442657470817],[87.13092803955107,23.866960525512695],[87.1664428710937,23.819589614868278],[87.11299896240263,23.796810150146484],[86.9718780517581,23.86283111572277],[86.93637847900419,23.84486007690424],[86.89501190185575,23.87995147705101],[86.8769302368164,23.81344985961914],[86.87121582031267,23.844181060791072],[86.825912475586,23.813198089599553],[86.79283905029314,23.83138084411621],[86.81933593750017,23.752269744873104],[86.79203796386713,23.687370300293082],[86.69384765625017,23.694520950317383],[86.52369689941423,23.62836074829096],[86.44490814208984,23.631532669067496],[86.36789703369158,23.5592098236084],[86.37052154541016,23.48163986206066],[86.30647277832048,23.448209762573242],[86.31333160400408,23.426061630249023],[86.26719665527344,23.440000534057617],[86.24646759033209,23.419189453125114],[86.22466278076172,23.43568038940441],[86.23874664306658,23.469690322875977],[86.14553070068365,23.473070144653263],[86.14819335937506,23.56542015075695],[86.04686737060564,23.58386993408203],[86.01100921630876,23.56124114990257],[86.04722595214844,23.493642807006893],[85.94979858398455,23.4554500579834],[85.87412261962896,23.47623062133789],[85.86206054687517,23.454969406127987],[85.8958587646485,23.376979827880803],[85.82636260986328,23.26312065124523],[85.83241271972685,23.19264030456543],[85.92147064208996,23.125930786132812],[86.03692626953125,23.143610000610465],[86.04796600341825,23.10868072509777],[86.13656616210943,23.083101272583065],[86.21697235107416,22.99160957336437],[86.29825592041033,23.013282775878963],[86.3873062133789,22.97673034667963],[86.540283203125,22.987230300903434],[86.51835632324236,22.944330215454215],[86.43113708496122,22.920139312744254],[86.4630432128908,22.89663124084484],[86.41263580322294,22.78643035888672],[86.50659179687506,22.70152091979986],[86.54634857177763,22.715288162231445],[86.63668823242193,22.65512084960949],[86.65727996826178,22.572708129882926],[86.75994110107433,22.572429656982536],[86.79801177978516,22.483989715576172],[86.74540710449224,22.47567939758312],[86.75794982910173,22.435659408569563],[86.84393310546875,22.396060943603516],[86.82919311523466,22.3245906829834],[86.88623046875028,22.29412078857422],[86.8856811523437,22.25212097167963],[86.81186676025385,22.263931274414176],[86.80242156982428,22.24180984497076],[86.80062866210938,22.261922836303768],[86.80011749267584,22.21363067626953],[86.77588653564453,22.231540679931697],[86.747802734375,22.20798110961914],[86.64817810058622,22.23569107055664],[86.64557647705095,22.261369705200195],[86.52455139160162,22.302850723266715],[86.49994659423834,22.34095191955572],[86.43335723876959,22.301540374755916],[86.27137756347673,22.442829132080078],[86.1073303222658,22.484897613525504],[86.046646118164,22.557889938354492],[85.95350646972668,22.455972671509016],[86.00874328613298,22.424320220947266],[86.02124786376982,22.37504005432129],[85.99582672119146,22.333118438720703],[86.04328918457037,22.306190490722713],[85.97135925292986,22.23838043212885],[86.0267181396485,22.185222625732536],[85.90542602539068,21.96663093566889],[85.76074981689453,21.989719390869254],[85.78794097900396,22.077190399169922],[85.83075714111345,22.07697105407709],[85.80204772949224,22.110830307006893],[85.6815032958985,22.04878044128418],[85.64005279541033,22.090232849121094],[85.53734588623075,22.090299606323356],[85.39443969726568,22.158599853515682],[85.30007934570341,22.10705947875971],[85.230941772461,22.00027084350586],[85.17675018310564,22.066719055175724],[85.16720581054705,22.048690795898494],[85.09543609619169,22.099451065063477],[84.97982025146513,22.08468055725109],[85.02374267578125,22.11199188232422],[85.0694198608399,22.267581939697493],[85.11445617675787,22.290489196777344],[85.08590698242182,22.31698036193859],[85.06249237060564,22.478410720825195],[84.89379882812528,22.418010711669922],[84.87652587890642,22.44325065612793],[84.80124664306646,22.443710327148494],[84.74385070800787,22.414751052856502],[84.5017929077149,22.415319442749137],[84.4260864257813,22.34881019592291],[84.28922271728516,22.337320327758846],[84.15248870849626,22.400930404663143],[84.13743591308611,22.467100143432617],[84.005180358887,22.52473068237316],[84.02002716064464,22.58279037475586],[84.22775268554716,22.676990509033146],[84.22535705566423,22.735160827636946],[84.28528594970709,22.76337051391613],[84.3203125,22.84942054748535],[84.37596130371122,22.873638153076115],[84.38645935058622,22.942380905151367],[84.3733901977539,22.972141265869197],[84.21494293212896,22.977430343627873],[84.189926147461,23.023719787597713],[84.14800262451178,22.963869094848633],[84.12937927246088,23.08154106140148],[84.03595733642595,23.134950637817383],[84.0702514648437,23.329990386962947],[84.03803253173828,23.376169204711857],[83.99276733398466,23.355882644653377],[83.96688842773438,23.374229431152344],[83.96972656249994,23.447668075561523],[84.0226669311524,23.544240951538143],[84.00771331787126,23.628520965576286],[83.9378890991211,23.6224308013916],[83.92249298095703,23.565048217773665],[83.8004760742188,23.583179473876953],[83.72132873535162,23.673740386963004],[83.72940063476557,23.754730224609318],[83.6985931396485,23.81646156311041],[83.55760955810564,23.869529724121207],[83.57015228271484,23.890359878540153],[83.512435913086,23.966999053955135],[83.50962829589855,24.025400161743278],[83.43324279785173,24.054700851440373],[83.42536926269526,24.08376121520996],[83.32356262207048,24.101329803466854],[83.40188598632841,24.266000747680664],[83.37593841552763,24.314540863037337],[83.45144653320324,24.36700057983421],[83.40013885498058,24.408679962158203],[83.39546966552751,24.503770828247184],[83.86804199218778,24.532880783080998],[83.93300628662115,24.551742553710994],[84.001968383789,24.63540077209467],[84.04673767089855,24.612289428710938],[84.10977935791033,24.481399536132926],[84.1460571289063,24.540300369262752],[84.17137145996111,24.509790420532283],[84.18830108642607,24.55532073974615],[84.24852752685558,24.531589508056697],[84.29297637939464,24.56599044799816],[84.32634735107433,24.50271987915039],[84.29022216796892,24.458080291748047],[84.4935379028322,24.287040710449332],[84.57247924804705,24.412340164184798],[84.658256530762,24.39374160766613],[84.67891693115251,24.45634269714367],[84.78970336914057,24.52154922485363],[84.83262634277344,24.511480331421012],[84.83439636230469,24.452520370483455],[84.88017272949219,24.462800979614258],[84.89441680908197,24.375040054321232],[84.9479370117188,24.37177085876465],[85.06906890869152,24.435659408569336],[85.09245300292986,24.381521224975643],[85.16938018798834,24.42947006225586],[85.15067291259771,24.462869644165096],[85.28196716308622,24.497200012207088],[85.28251647949247,24.52668952941889],[85.4864807128908,24.550750732421932],[85.5341873168947,24.53219032287609],[85.57657623291021,24.60301017761236],[85.66470336914068,24.58193016052246],[85.64952850341791,24.687040328979492],[85.70343780517584,24.725370407104492],[85.73500823974626,24.821382522583008],[85.87777709960943,24.80029106140131],[85.96064758300798,24.731700897216854],[86.05058288574224,24.779541015624943],[86.03681945800787,24.74382972717291],[86.08657836914068,24.746320724487248],[86.1244430541995,24.70516014099121],[86.13076019287104,24.60893058776867],[86.32269287109392,24.58056068420416],[86.27913665771513,24.462001800537166],[86.45220947265625,24.368629455566463],[86.50572204589872,24.5177001953125],[86.60292053222662,24.605068206787223],[86.65593719482428,24.56319808959961],[86.73158264160156,24.57579994201683],[86.77712249755888,24.619760513305607],[86.80018615722668,24.565929412842024],[86.91117858886724,24.53867912292486],[86.89807891845697,24.58654022216797],[86.93884277343761,24.64307022094721],[87.0504684448245,24.606769561767635],[87.09660339355497,24.80402755737316],[87.07856750488298,24.82225036621105],[87.15653991699219,24.880701065063477],[87.14676666259794,25.024311065673942],[87.21135711669928,25.089599609375227],[87.29110717773443,25.089269638061523],[87.32345581054705,25.223091125488338],[87.36846160888689,25.20689964294445],[87.39177703857428,25.227518081665096],[87.46763610839844,25.193141937255973],[87.49006652832043,25.305200576782283],[87.52942657470703,25.279619216919173],[87.58007049560553,25.348390579223633],[87.58925628662121,25.321889877319393],[87.59989166259771,25.314662933349553]]]}},{"type":"Feature","properties":{"name":"Karnataka"},"geometry":{"type":"MultiPolygon","coordinates":[[[[77.33731079101557,18.43544006347662],[77.40067291259783,18.370170593261776],[77.37394714355469,18.329509735107536],[77.39257049560558,18.300930023193473],[77.46923065185553,18.263160705566406],[77.59784698486322,18.281219482421818],[77.57002258300781,18.18915939331066],[77.59350585937517,18.127861022949162],[77.55206298828153,18.046939849853516],[77.65339660644548,17.969352722167912],[77.52607727050793,17.81168937683111],[77.52304077148466,17.779621124267692],[77.56202697753923,17.747110366821516],[77.4578628540039,17.69896125793457],[77.44580078125028,17.61230087280279],[77.49563598632812,17.550029754638615],[77.52742004394543,17.573221206665153],[77.68696594238298,17.491569519042912],[77.6527633666995,17.503250122070312],[77.60447692871105,17.443090438842773],[77.52671813964844,17.405990600585938],[77.5301818847658,17.377880096435604],[77.44988250732439,17.36306190490717],[77.4469985961914,17.288829803467024],[77.38458251953153,17.212961196899357],[77.36490631103527,17.164949417114258],[77.45237731933611,17.10761070251465],[77.49323272705084,17.03298950195324],[77.45581817626953,16.90465927124029],[77.47113800048834,16.779130935669173],[77.42672729492216,16.718379974365348],[77.46877288818376,16.708709716797102],[77.43247222900419,16.6430606842041],[77.45478057861357,16.64487075805664],[77.46420288085955,16.595140457153434],[77.40213012695341,16.566291809082145],[77.41197967529303,16.513811111450252],[77.2582092285158,16.447309494018555],[77.29457855224604,16.39960289001465],[77.38813781738287,16.371799468994197],[77.51885986328153,16.37010955810547],[77.59099578857422,16.3046112060548],[77.49897003173834,16.257860183716048],[77.49732208251982,15.926300048828182],[77.1806259155274,15.950062751770076],[77.0524520874024,15.876282691955566],[77.02815246582048,15.825590133667106],[77.06388854980474,15.823169708251953],[77.04322814941423,15.734481811523551],[77.11905670166027,15.66208934783947],[77.02928161621094,15.63383865356451],[77.028861999512,15.52512168884283],[76.98165130615234,15.504770278930664],[77.0628967285158,15.337909698486328],[77.16414642334001,15.259070396423397],[77.12345886230497,15.233320236206282],[77.15770721435553,15.148950576782283],[77.1209106445313,15.055070877075252],[77.06147003173857,15.001549720764103],[76.82126617431646,15.07485198974615],[76.77082061767572,15.058288574218807],[76.75923919677751,14.985070228576717],[76.83587646484375,14.95908069610607],[76.86389923095697,14.911741256714095],[76.8487396240235,14.80403137207054],[76.78128814697294,14.77433013916027],[76.77275085449219,14.587201118469238],[76.87020111083979,14.468440055847282],[76.95580291748075,14.479589462280387],[76.93678283691406,14.401309967041072],[76.88677978515653,14.392451286315918],[76.90615844726568,14.315340995788517],[76.9501113891601,14.2940292358399],[76.93363189697271,14.253500938415527],[76.96971893310575,14.235211372375545],[77.10507965087896,14.213281631469727],[77.13262939453153,14.324049949645996],[77.15975952148455,14.336238861084041],[77.20979309082037,14.313010215759277],[77.26732635498047,14.327010154724235],[77.28549957275396,14.274749755859432],[77.35926055908203,14.269330024719466],[77.38162231445312,14.210180282592773],[77.41470336914091,14.217060089111385],[77.38565826416021,14.324870109558049],[77.47934722900402,14.284770965576229],[77.4962768554688,14.240409851074446],[77.48854064941435,14.153079986572266],[77.39745330810547,14.166500091552962],[77.34851074218761,14.099261283874512],[77.39444732666021,14.114641189575309],[77.32618713378918,14.022939682006893],[77.42050170898455,13.976870536804256],[77.42562866210938,13.902051925659293],[77.39041900634771,13.897689819336051],[77.31349182128923,14.024820327758732],[77.1443710327149,13.993519783020247],[77.12468719482439,14.03474140167242],[77.02848052978544,14.05198001861595],[77.01982879638678,14.172701835632324],[76.94164276123053,14.189311981201172],[76.89090728759771,14.127840995788517],[76.93739318847673,14.115151405334586],[76.97421264648438,14.057709693908919],[76.93109893798845,14.022731781005973],[77.01397705078153,13.939481735229492],[77.00598907470732,13.850090026855469],[76.97155761718756,13.818861007690487],[76.99212646484392,13.74950885772705],[77.16918945312506,13.77556037902832],[77.13938903808594,13.859040260314885],[77.18221282959013,13.901300430297908],[77.17880249023432,13.859840393066406],[77.22547912597668,13.895469665527344],[77.28292846679716,13.840979576111067],[77.42472076416033,13.826689720153865],[77.4115829467774,13.79889106750494],[77.45273590087908,13.791319847106934],[77.46261596679682,13.743578910827637],[77.44600677490263,13.700639724731445],[77.50691986084001,13.69266128540039],[77.53951263427751,13.743720054626522],[77.62124633789068,13.727401733398551],[77.61046600341814,13.755439758300895],[77.67176818847662,13.77013111114502],[77.71314239501959,13.750740051269531],[77.72841644287115,13.801739692687931],[77.77848815917969,13.812891960144157],[77.81920623779303,13.866021156311263],[77.82158660888666,13.930541038513184],[77.88786315917974,13.927721977234],[77.91160583496088,13.89724063873291],[77.97857666015625,13.947650909423828],[77.94805145263672,13.82936096191412],[78.05471038818376,13.879351615905762],[78.0973663330081,13.852761268615666],[78.10938262939482,13.71023082733177],[78.06405639648455,13.688179969787598],[78.09060668945318,13.633000373840332],[78.1461715698245,13.649660110473633],[78.19393920898455,13.616159439086971],[78.18012237548857,13.564171791076603],[78.39389801025396,13.570652008056697],[78.3625564575197,13.452071189880598],[78.38291168212885,13.314070701599064],[78.4717483520509,13.30792045593273],[78.52377319335943,13.260621070862044],[78.56156158447271,13.288039207458723],[78.56854248046892,13.243530273437443],[78.54094696044928,13.187251091003475],[78.55805969238298,13.152341842651367],[78.46105194091803,13.032010078430233],[78.45790100097673,12.963241577148665],[78.42384338378912,12.954401016235465],[78.45266723632824,12.86549186706543],[78.4264068603515,12.902061462402457],[78.33773040771484,12.913121223449707],[78.30622100830107,12.856471061706543],[78.25382232666033,12.849590301513672],[78.19892120361328,12.75509071350092],[78.13163757324224,12.769669532776106],[78.04673004150396,12.842370033264217],[78.01435852050793,12.842989921569881],[78.00148010253923,12.795439720153922],[77.95134735107422,12.837862014770621],[77.91825103759794,12.819211959838924],[77.9143676757813,12.873541831970215],[77.82224273681646,12.854619979858398],[77.78803253173828,12.823641777038574],[77.7559814453125,12.697050094604492],[77.67835998535156,12.649020195007438],[77.67030334472685,12.6712388992309],[77.59033966064459,12.657541275024641],[77.57982635498053,12.511481285095215],[77.6252059936524,12.477261543273869],[77.62065124511724,12.4137601852417],[77.53954315185564,12.282390594482479],[77.46666717529314,12.248471260070858],[77.4683609008789,12.210199356079102],[77.49246215820318,12.1871919631958],[77.6213684082033,12.191701889038143],[77.72908020019526,12.159959793090934],[77.75826263427729,12.09440135955822],[77.66044616699236,11.938140869140568],[77.48219299316412,11.912140846252498],[77.41246795654297,11.76228141784668],[77.24173736572294,11.802459716796932],[77.11096954345703,11.76314926147461],[77.10540008544939,11.73158073425293],[77.0716323852539,11.72500991821289],[77.05253601074213,11.779231071472395],[77.008842468262,11.79696178436285],[76.906791687012,11.781231880188102],[76.8383865356447,11.664669990539608],[76.83728027343756,11.574480056762695],[76.7410430908206,11.6058092117309],[76.58827972412138,11.604359626770076],[76.55322265625017,11.619531631469727],[76.5404205322265,11.67050933837902],[76.48532104492205,11.68234920501709],[76.43129730224638,11.656570434570426],[76.40661621093756,11.74063968658453],[76.3243484497072,11.738731384277571],[76.20510864257807,11.838659286499137],[76.1080627441408,11.851181030273438],[76.09127044677751,11.961588859558162],[75.99819183349626,11.923621177673283],[75.88330078125028,11.93891239166254],[75.79995727539091,12.030290603637809],[75.8016967773437,12.06797885894781],[75.65822601318388,12.09430122375511],[75.63508605957037,12.142391204834041],[75.5524063110351,12.176141738891658],[75.51307678222685,12.249320983886946],[75.42164611816412,12.290961265563908],[75.36943817138683,12.44563198089611],[75.40908050537115,12.449850082397461],[75.42018127441418,12.479661941528434],[75.39492797851562,12.49755954742443],[75.36273956298834,12.464891433715877],[75.2796173095706,12.52338027954113],[75.28676605224626,12.564990043640137],[75.3193664550783,12.57374191284191],[75.30561828613281,12.59492015838623],[75.2810363769533,12.608029365539778],[75.23629760742193,12.561840057373274],[75.19438171386747,12.62543106079113],[75.15917205810564,12.617050170898494],[75.15069580078153,12.668858528137264],[75.09163665771501,12.694711685180721],[75.06089019775385,12.661481857299862],[75.05574798583984,12.703411102295036],[74.99015045166033,12.731100082397518],[75.00029754638672,12.783481597900618],[74.86429595947283,12.760418891906966],[74.8029174804688,12.931249618530217],[74.78736114501982,13.09791564941412],[74.77430725097662,13.082638740539664],[74.69125366210938,13.34819507598877],[74.72846984863298,13.277083396911792],[74.69513702392584,13.347921371460018],[74.67041778564482,13.63374996185297],[74.60679626464861,13.866529464721737],[74.63291931152361,13.849027633667106],[74.5145797729495,13.986249923706055],[74.35375976562506,14.503752708435059],[74.39319610595709,14.5304212570191],[74.36486053466825,14.553762435913143],[74.37735748291016,14.572640419006348],[74.3543090820313,14.542915344238509],[74.33625030517607,14.565971374511946],[74.35541534423845,14.521805763244913],[74.31041717529303,14.520693778991756],[74.24874877929688,14.739879608154581],[74.20590209960943,14.717919349670353],[74.0926361083985,14.80319023132347],[74.12124633789068,14.80264091491722],[74.13069152832048,14.844410896301326],[74.10331726074224,14.90147972106962],[74.1738357543947,14.917940139770735],[74.18036651611334,14.953049659729288],[74.2040557861331,14.932100296020792],[74.266586303711,14.966820716858024],[74.31697082519543,15.191069602966422],[74.27024078369152,15.260931968688965],[74.34044647216825,15.296800613403434],[74.25633239746122,15.489520072937012],[74.2827987670899,15.520541191101188],[74.2552566528322,15.654210090637207],[74.18302917480474,15.677350044250545],[74.11205291748053,15.655031204223576],[74.14045715332048,15.721671104431266],[74.23549652099615,15.786830902099723],[74.24386596679693,15.744400024414176],[74.35093688964872,15.763360023498535],[74.37454986572271,15.827500343322754],[74.34639739990229,15.84934997558588],[74.3727798461914,15.887689590454215],[74.39228820800787,15.85744953155529],[74.46383666992199,16.047731399536246],[74.39005279541044,16.035129547119368],[74.37959289550781,16.076820373535213],[74.42276000976568,16.102569580078182],[74.49279785156256,16.092838287353516],[74.5132293701173,16.199220657348633],[74.42122650146484,16.280590057373104],[74.35459136962885,16.289760589599837],[74.3370513916015,16.265720367431868],[74.32776641845703,16.37034034729004],[74.34033203125017,16.390962600708065],[74.35189819335966,16.3663005828858],[74.36457061767595,16.403238296508903],[74.30139923095703,16.45906066894537],[74.29989624023455,16.50263023376465],[74.2784271240235,16.479639053344727],[74.25315856933611,16.494880676269588],[74.28440093994135,16.516479492187614],[74.27636718750028,16.54453277587902],[74.32267761230474,16.519001007080135],[74.3321533203125,16.553699493408203],[74.37110137939459,16.537651062011832],[74.47245788574247,16.60481071472168],[74.46518707275419,16.64689826965332],[74.53009033203125,16.630609512329215],[74.56220245361334,16.55803108215332],[74.60484313964838,16.56214141845703],[74.64280700683594,16.60677146911621],[74.6785507202149,16.606559753417912],[74.67173767089855,16.663530349731502],[74.73661804199247,16.715839385986385],[74.91586303710943,16.785680770874023],[74.95243072509771,16.936220169067383],[75.09414672851568,16.94722938537609],[75.1505279541015,16.86940956115734],[75.23565673828142,16.85419082641613],[75.28277587890625,16.874240875244254],[75.28462219238276,16.953550338745174],[75.43885040283209,16.970880508422965],[75.50929260253935,16.94859123229986],[75.59944152832037,17.00522041320812],[75.67137908935558,16.958538055420036],[75.65399932861334,17.030639648437557],[75.67550659179693,17.101129531860465],[75.64273071289068,17.14763832092308],[75.66091918945341,17.239999771118278],[75.58817291259771,17.383020401001033],[75.63127136230474,17.46117973327648],[75.78231811523443,17.378812789916992],[75.81768798828153,17.388040542602482],[75.82779693603544,17.423719406128157],[75.8648757934572,17.38644027709961],[75.88243103027361,17.41900062561035],[75.93115234375011,17.32411003112793],[76.08696746826178,17.33844757080078],[76.10199737548834,17.36226081848156],[76.17891693115246,17.31391906738287],[76.19320678710943,17.35859107971214],[76.25044250488293,17.36667060852062],[76.35227203369146,17.31059074401861],[76.41063690185553,17.34769058227539],[76.33776855468756,17.470409393310774],[76.36640930175793,17.516710281372298],[76.3400268554688,17.5425701141358],[76.34870147705107,17.595399856567383],[76.42074584960943,17.61424064636236],[76.5597763061524,17.763139724731673],[76.56942749023438,17.703741073608455],[76.60405731201178,17.755830764770508],[76.69313049316412,17.693761825561523],[76.71570587158197,17.781919479370345],[76.77979278564447,17.805919647216854],[76.77974700927763,17.836330413818303],[76.73745727539062,17.85705947875988],[76.77014160156256,17.892360687255973],[76.80280303955084,17.868320465088004],[76.87526702880865,17.892730712890625],[76.91322326660162,17.937208175659237],[76.9643173217774,18.088211059570312],[76.92765808105486,18.139860153198242],[76.95881652832037,18.18614006042492],[77.09268188476568,18.156978607177734],[77.0955429077149,18.195100784301758],[77.191650390625,18.27429008483881],[77.24912261962896,18.40825271606468],[77.33338165283209,18.441890716552848],[77.33731079101557,18.43544006347662]]]]}},{"type":"Feature","properties":{"name":"Kerala"},"geometry":{"type":"MultiPolygon","coordinates":[[[[76.46736145019526,9.540970802307243],[76.4793090820313,9.5301389694215],[76.46597290039074,9.529861450195597],[76.46624755859392,9.540970802307243],[76.46736145019526,9.540970802307243]]],[[[76.43680572509794,9.551527976989973],[76.46430206298857,9.529861450195597],[76.43541717529303,9.528472900390852],[76.4359741210938,9.551527976989973],[76.43680572509794,9.551527976989973]]],[[[74.99600219726591,12.787981033325252],[74.98606109619152,12.738479614257812],[75.08670043945312,12.670850753784293],[75.13919830322271,12.672750473022575],[75.15487670898466,12.619580268859863],[75.24003601074236,12.573969841003418],[75.30149078369146,12.59906101226801],[75.28349304199219,12.56417179107666],[75.30735015869158,12.49741172790533],[75.35941314697283,12.459980964660645],[75.39731597900419,12.497810363769531],[75.41985321044916,12.319460868835563],[75.4827270507813,12.286181449890364],[75.5552520751956,12.176330566406364],[75.65278625488298,12.101300239563102],[75.78958129882818,12.074610710144043],[75.88968658447283,11.938140869140568],[75.9798583984375,11.92466926574707],[76.08100128173828,11.960670471191406],[76.17369079589861,11.862442016601562],[76.4110870361331,11.709950447082463],[76.43557739257812,11.637701034545898],[76.34034729003906,11.580560684204045],[76.27600097656261,11.589950561523665],[76.24475860595732,11.494320869446028],[76.50945281982428,11.353730201721305],[76.52194976806658,11.281201362609863],[76.47482299804688,11.20125961303711],[76.65344238281256,11.204291343689022],[76.71375274658232,11.178010940551985],[76.70298767089844,11.1417818069458],[76.76718139648466,11.032210350036678],[76.67978668212902,10.999430656433105],[76.69300079345697,10.90227031707775],[76.77773284912126,10.878970146179427],[76.88040161132818,10.726140022277775],[76.87016296386747,10.664099693298567],[76.80499267578142,10.626340866088924],[76.82907104492193,10.557060241699219],[76.82419586181669,10.312311172485465],[76.92030334472668,10.225440979004134],[76.99372100830084,10.22772121429449],[77.16295623779325,10.346281051635742],[77.26622772216797,10.225090026855582],[77.25743103027361,10.135881423950309],[77.21540069580107,10.10929203033453],[77.24772644042969,9.991160392761344],[77.22254943847656,9.781770706176758],[77.15550231933622,9.60150146484375],[77.22989654541044,9.575922012329045],[77.34623718261747,9.587809562683105],[77.38683319091803,9.46737098693859],[77.33185577392584,9.421389579773006],[77.25177764892584,9.1430406570434],[77.14055633544928,9.015430450439453],[77.24298858642584,8.859271049499739],[77.17652130126947,8.73502063751232],[77.24285888671903,8.580550193786735],[77.13703155517572,8.320091247558537],[77.08985900878912,8.298194885253906],[76.98152923583996,8.380416870117188],[76.63069152832048,8.83708286285406],[76.54680633544928,8.901805877685604],[76.46514129638672,9.1312513351441],[76.48847198486334,9.170415878295955],[76.47041320800776,9.143750190734977],[76.42319488525396,9.245417594909611],[76.46208190917986,9.140137672424316],[76.33930206298834,9.41152763366722],[76.23791503906244,9.965970993042049],[76.2937469482423,9.920140266418457],[76.29652404785173,9.892915725708121],[76.25791931152372,9.911532402038631],[76.27208709716814,9.866806030273438],[76.28680419921875,9.899862289428825],[76.28597259521479,9.833194732666243],[76.2948608398438,9.885416984558162],[76.31735992431646,9.876819610595703],[76.3462524414062,9.712921142578182],[76.32153320312506,9.871810913086165],[76.37014007568376,9.82069396972679],[76.36069488525419,9.70041656494152],[76.398193359375,9.674030303955249],[76.35485839843767,9.530694961547965],[76.38319396972668,9.507082939148063],[76.41402435302734,9.527082443237532],[76.48069763183622,9.51180458068859],[76.50152587890642,9.529861450195597],[76.46652221679693,9.558470726013297],[76.4179229736331,9.56042194366455],[76.41401672363298,9.695419311523722],[76.38346862792986,9.702083587646484],[76.36875152587885,9.787362098693904],[76.39457702636724,9.818750381469897],[76.378471374512,9.861251831054688],[76.3404159545899,9.919030189514103],[76.34319305419916,9.885141372680664],[76.31931304931669,9.88876056671171],[76.30986022949236,9.94930553436302],[76.30264282226568,9.9262504577639],[76.24958038330095,10.030139923095874],[76.24097442626953,10.069582939147892],[76.25902557373058,10.047082901000977],[76.26291656494158,10.081529617309684],[76.2262496948245,10.126251220703352],[76.23986053466814,10.07458305358898],[76.206527709961,10.146250724792424],[76.244857788086,9.974583625793741],[76.223197937012,9.979862213134993],[76.16680908203142,10.172081947326717],[76.20236206054693,10.139581680297852],[76.19152832031278,10.190972328186149],[76.1609725952149,10.186820983886719],[76.0345840454101,10.524861335754679],[76.06652832031256,10.546250343322981],[76.04235839843778,10.574872016906681],[76.03514099121122,10.512361526489315],[75.91124725341797,10.79042053222662],[75.82514190673857,11.123194694518986],[75.86125183105486,11.129861831665039],[75.82485961914068,11.125416755676497],[75.8029174804688,11.15653038024925],[75.82347106933611,11.178750991821516],[75.80236053466803,11.164311408996582],[75.68541717529297,11.444030761718807],[75.6193084716798,11.476251602172852],[75.54235839843767,11.68181133270275],[75.47291564941423,11.763195037841797],[75.5081863403322,11.764311790466422],[75.47708129882812,11.765421867370605],[75.4990310668947,11.798194885253906],[75.45541381835943,11.769861221313704],[75.46013641357439,11.805693626403922],[75.45402526855486,11.778471946716252],[75.299858093262,11.944306373596191],[75.39819335937506,11.915694236755428],[75.37291717529325,11.955972671508789],[75.36013793945341,11.93264198303217],[75.31874847412138,11.945969581603947],[75.26597595214861,12.006530761718807],[75.33180999755865,12.012081146240234],[75.30124664306658,12.027915954590128],[75.33902740478533,12.047639846801871],[75.3070831298831,12.034589767455998],[75.29617309570318,12.05924129486101],[75.39982604980463,12.140501022338867],[75.33112335205107,12.145151138305835],[75.25588989257818,12.10857963562023],[75.23105621337908,12.024561882019327],[75.20096588134771,12.006809234619368],[75.17903137207037,12.081250190735147],[75.21985626220709,12.070420265197981],[75.17430877685553,12.087082862854118],[75.19235992431658,12.129859924316406],[75.18458557128912,12.095971107483138],[74.8668060302735,12.752079963684196],[74.9922866821289,12.790459632873763],[74.99600219726591,12.787981033325252]]]]}},{"type":"Feature","properties":{"name":"Lakshadweep"},"geometry":{"type":"MultiPolygon","coordinates":[[[[73.08097076416021,8.327642440796012],[73.04930877685553,8.266804695129338],[73.01875305175781,8.271529197693098],[73.0806961059572,8.327710151672363],[73.08097076416021,8.327642440796012]]],[[[73.67846679687517,10.82153129577631],[73.70263671875028,10.814862251281738],[73.66208648681658,10.8084716796875],[73.67679595947271,10.82153129577631],[73.67846679687517,10.82153129577631]]]]}},{"type":"Feature","properties":{"name":"Madhya Pradesh"},"geometry":{"type":"Polygon","coordinates":[[[78.36464691162126,26.86884117126465],[78.38065338134783,26.836090087890625],[78.56584930419922,26.7576904296875],[78.71534729003935,26.80021286010765],[78.87123870849626,26.703609466552734],[78.95015716552729,26.694040298461914],[78.93607330322283,26.664880752563477],[78.987289428711,26.686040878296012],[79.0031127929688,26.6192302703858],[78.97952270507841,26.58156967163086],[79.06093597412138,26.50329971313488],[79.05323028564459,26.45561027526861],[79.12098693847662,26.447891235351676],[79.07675933837902,26.366020202636776],[79.13374328613287,26.344970703125],[79.07720184326172,26.273599624633903],[79.03703308105474,26.26699066162115],[79.05555725097662,26.23964118957531],[79.01690673828153,26.228000640869368],[79.01297760009766,26.196861267089957],[78.97574615478533,26.192810058593977],[78.99179077148455,26.15205955505371],[78.9426727294923,26.13914108276373],[79.00113677978533,26.07835960388195],[78.94432830810553,26.036951065063477],[78.93009948730497,25.951580047607422],[78.84662628173845,25.860500335693473],[78.8619232177735,25.799198150634822],[78.79885864257824,25.81821060180664],[78.82376861572266,25.81082153320324],[78.75128173828142,25.752700805664062],[78.79123687744169,25.710540771484375],[78.79815673828125,25.619220733642692],[78.62341308593778,25.571001052856445],[78.608627319336,25.589080810546875],[78.5839920043947,25.565549850463867],[78.43707275390653,25.564350128173828],[78.41230773925781,25.542249679565373],[78.41646575927763,25.47750282287592],[78.3475875854495,25.454839706421012],[78.29972076416044,25.383752822876204],[78.32756042480497,25.346450805664062],[78.31163787841814,25.307569503784237],[78.34516143798828,25.297941207885742],[78.39132690429688,25.191200256347656],[78.4391326904298,25.172149658203125],[78.4182968139649,25.153499603271484],[78.44291687011724,25.128770828247127],[78.32675933837896,25.08688163757347],[78.33020782470709,25.003740310668945],[78.16380310058611,24.85709953308117],[78.20896911621088,24.813070297241154],[78.26847839355463,24.66710090637207],[78.25888824462902,24.5581893920899],[78.22817230224621,24.51645278930664],[78.28121185302763,24.437210083007812],[78.3629226684572,24.381610870361328],[78.32599639892584,24.329618453979492],[78.37963867187528,24.275560379028377],[78.5145568847658,24.39055824279785],[78.66912078857428,24.245019912719727],[78.75428771972656,24.247249603271598],[78.80224609375006,24.18190002441412],[78.8105010986331,24.20852088928234],[78.87368011474604,24.21893119812006],[78.96833801269548,24.360242843628043],[78.98777770996111,24.427970886230582],[78.90093994140653,24.4883708953858],[78.96549224853521,24.500280380249023],[78.94465637207048,24.55620956420921],[78.8665390014649,24.645492553710938],[78.76661682128918,24.597562789916992],[78.74857330322266,24.624710083007812],[78.78054046630871,24.81497192382824],[78.76716613769537,24.855670928955135],[78.67965698242216,24.89719009399414],[78.62491607666044,24.961940765380973],[78.64418792724638,25.035249710083008],[78.5982971191408,25.108089447021428],[78.56437683105474,25.265211105346907],[78.49668121337896,25.293859481811637],[78.43575286865229,25.27324104309082],[78.43517303466791,25.30252075195324],[78.53356170654325,25.318700790405217],[78.52514648437511,25.363012313842773],[78.57950592041027,25.36057090759283],[78.56344604492193,25.39792060852062],[78.63680267333984,25.414110183715877],[78.63883972167997,25.440429687500114],[78.6933212280274,25.439220428466797],[78.65688323974615,25.39599037170416],[78.74978637695318,25.352119445800895],[78.74540710449224,25.415540695190487],[78.8113861083985,25.427352905273438],[78.72766876220709,25.458730697631836],[78.73606109619146,25.50432968139654],[78.84574890136724,25.454389572143555],[78.8197326660158,25.437780380249023],[78.84533691406256,25.444971084594783],[78.82699584960955,25.503700256347713],[78.89678955078142,25.559391021728516],[78.94381713867199,25.54092025756836],[78.91961669921903,25.527442932128906],[78.93612670898443,25.48778152465826],[78.91259002685541,25.438671112060547],[78.96891021728533,25.425132751464957],[78.9744720458985,25.372560501098746],[78.92862701416016,25.351800918579045],[78.89322662353521,25.369010925293026],[78.9512329101563,25.39645957946783],[78.92266845703153,25.400461196899414],[78.86142730712919,25.37702941894554],[78.78324890136747,25.297611236572322],[78.81215667724615,25.294099807739315],[78.84594726562506,25.233789443969727],[78.85823822021484,25.320882797241268],[78.9557723999024,25.347761154174805],[78.97004699707048,25.28520965576172],[78.8802261352539,25.25362014770502],[78.87184143066412,25.166000366210938],[78.95284271240234,25.220691680908203],[78.9973373413086,25.19828987121582],[78.9772262573245,25.261680603027457],[79.01235961914062,25.274040222168196],[79.05232238769537,25.228130340576172],[79.02162933349621,25.146930694580135],[79.03888702392595,25.137229919433594],[79.08429718017595,25.19252967834467],[79.1204223632813,25.164180755615234],[79.12917327880865,25.1107692718507],[79.1793060302735,25.117692947387752],[79.18485260009771,25.151132583618278],[79.24014282226562,25.120189666748104],[79.21965026855497,25.15456962585455],[79.25060272216814,25.161209106445256],[79.25807952880865,25.12401962280296],[79.30098724365234,25.130830764770565],[79.27359771728527,25.248119354248047],[79.33258819580072,25.200830459594783],[79.341293334961,25.258649826049805],[79.25683593750028,25.28499031066906],[79.30422210693376,25.339849472046012],[79.33373260498041,25.332580566406307],[79.35296630859403,25.265380859375],[79.36975097656278,25.294099807739315],[79.43121337890625,25.259550094604606],[79.48446655273455,25.27273941040039],[79.38387298584013,25.170280456543196],[79.39080810546892,25.117902755737305],[79.42590332031267,25.138399124145508],[79.43637084960955,25.10782051086437],[79.46837615966825,25.13445091247553],[79.46053314209013,25.096330642700252],[79.49106597900419,25.08329963684082],[79.55959320068376,25.175970077514705],[79.60209655761713,25.13135910034174],[79.7395782470706,25.142959594726562],[79.84085845947294,25.09639930725092],[79.87217712402338,25.148511886596737],[79.85099029541044,25.24156951904297],[79.9922103881836,25.269300460815373],[80.02419281005854,25.34459114074707],[80.11913299560575,25.34269905090332],[80.25586700439459,25.428710937500057],[80.3107528686524,25.387317657470646],[80.30307006835955,25.291139602661076],[80.39906311035162,25.242969512939453],[80.4225692749024,25.172210693359432],[80.35128784179716,25.14490127563471],[80.28763580322283,25.066890716552678],[80.26693725585949,25.030242919921875],[80.31511688232439,25.00334930419922],[80.3588485717774,25.026079177856445],[80.37283325195341,25.008329391479606],[80.3672485351563,25.05886077880865],[80.40991973876953,25.076719284057617],[80.47901153564459,25.044349670410156],[80.5021286010745,25.067350387573242],[80.47612762451178,25.102251052856502],[80.60710144042986,25.072732925415153],[80.5945892333985,25.155241012573185],[80.63123321533209,25.11980056762701],[80.61783599853521,25.093660354614315],[80.67507934570318,25.062530517578182],[80.78137969970732,25.069561004638615],[80.69847106933611,25.131372451782227],[80.8082809448245,25.140819549560604],[80.82393646240229,25.114652633666992],[80.83515167236357,25.19046974182129],[80.8780364990235,25.195600509643782],[80.90556335449247,25.164480209350643],[80.82668304443365,25.039190292358626],[80.85025024414091,25.00314140319847],[80.78994750976591,24.967180252075252],[80.84091949462885,24.93556022644043],[80.936820983887,24.97249984741211],[80.95838928222685,24.93224906921398],[81.07641601562511,24.95226097106945],[81.12816619873041,24.893619537353743],[81.16967773437506,24.95675086975109],[81.20729827880888,24.931102752685547],[81.20169830322271,24.995729446411133],[81.25527191162115,25.06082916259777],[81.26864624023443,25.165189743041992],[81.3048706054688,25.167459487915266],[81.31302642822283,25.11741065979004],[81.31096649169928,25.14896011352539],[81.34941101074213,25.16735076904297],[81.43833923339861,25.110441207885742],[81.40306854248064,25.106409072876033],[81.48372650146501,25.074939727783203],[81.5028686523438,25.101720809936523],[81.47469329834013,25.138120651245117],[81.51566314697271,25.145339965820426],[81.5077896118164,25.18497085571289],[81.56639862060553,25.195749282837028],[81.61965942382841,25.155639648437614],[81.59102630615246,25.122989654541016],[81.63166046142607,25.101480484008846],[81.59591674804693,25.081829071044922],[81.60852050781256,25.058879852294865],[81.65989685058622,25.07818031311041],[81.78922271728544,25.010139465331974],[81.89846801757818,25.009620666503906],[81.89846038818365,24.905181884765682],[81.95488739013678,24.839241027831974],[81.99793243408203,24.847440719604492],[82.12637329101568,24.79394912719721],[82.19596862792974,24.82452964782715],[82.18873596191412,24.74377822875971],[82.21375274658209,24.728660583496094],[82.19948577880888,24.75206947326666],[82.24365997314459,24.775751113891715],[82.22992706298834,24.669639587402457],[82.29189300537126,24.664779663085938],[82.29833984375,24.61242103576683],[82.39359283447271,24.597499847412053],[82.4323120117188,24.706281661987305],[82.52926635742216,24.651960372924805],[82.65792846679693,24.700397491455305],[82.69595336914074,24.675720214843807],[82.69518280029308,24.64425277709961],[82.76716613769531,24.629430770874023],[82.80076599121111,24.55268096923851],[82.71501159667974,24.54811096191412],[82.73377990722656,24.487239837646428],[82.70716094970709,24.38517951965332],[82.75875854492182,24.369310379028434],[82.76603698730486,24.312208175659123],[82.72132110595714,24.149812698364258],[82.67085266113298,24.158470153808707],[82.66352844238293,24.123929977417106],[82.75174713134783,24.07959747314453],[82.74199676513689,24.021400451660156],[82.80065155029303,23.99655914306652],[82.80046844482433,23.967481613159237],[82.65651702880854,23.907861709594783],[82.65492248535162,23.862710952758903],[82.53874969482428,23.824108123779297],[82.540267944336,23.791200637817326],[82.22899627685553,23.806671142578125],[82.1955795288086,23.85038185119629],[82.16240692138678,23.81995964050293],[82.06328582763683,23.81911087036127],[82.00567626953136,23.858800888061637],[81.91470336914074,23.87187957763672],[81.78266143798834,23.81184005737316],[81.65740966796903,23.924568176269588],[81.596908569336,23.889022827148438],[81.68234252929693,23.725610733032227],[81.57505798339838,23.59202194213873],[81.61443328857428,23.497760772705078],[81.74796295166021,23.56538009643566],[81.81257629394548,23.517629623413086],[81.90392303466814,23.53508949279785],[81.94893646240251,23.49674034118658],[81.9758911132813,23.415571212768555],[82.01597595214855,23.42350959777832],[82.01362609863287,23.390268325805778],[82.04573822021496,23.377870559692496],[82.09876251220714,23.394691467285156],[82.11444854736322,23.354030609130916],[82.13783264160162,23.36184120178234],[82.18998718261713,23.31153106689453],[82.14698791503912,23.23191833496088],[82.15138244628912,23.160551071166935],[82.12825012207031,23.112110137939453],[81.93501281738298,23.06686019897461],[81.91842651367205,23.040979385376033],[81.94256591796903,22.96453094482422],[81.85634613037138,22.890859603881836],[81.77005004882812,22.86042976379389],[81.7812805175783,22.774709701538086],[81.74833679199224,22.719539642333984],[81.76506042480486,22.669059753417912],[81.65654754638689,22.63200187683117],[81.62136077880888,22.54778289794922],[81.51467132568365,22.534030914306868],[81.418930053711,22.454219818115234],[81.3861770629884,22.451160430908146],[81.36650085449224,22.514369964599666],[81.3318862915039,22.52236938476574],[81.24038696289068,22.459180831909293],[81.17066192626982,22.488000869751033],[81.10346984863287,22.422080993652344],[81.1138458251956,22.29438018798851],[81.0157089233399,22.220211029052734],[81.00517272949236,22.13272285461437],[80.97175598144526,22.12148094177246],[80.99282073974615,22.05766105651867],[80.97181701660173,22.05429077148449],[80.9389190673831,22.11901092529297],[80.90608978271496,22.11444091796875],[80.84577178955084,21.960899353027344],[80.82022094726568,21.95813179016119],[80.84117126464844,21.85645294189476],[80.81166839599615,21.750829696655217],[80.731010437012,21.73919868469261],[80.70784759521484,21.66196060180664],[80.72911071777372,21.468259811401595],[80.66130065917986,21.335479736328125],[80.59127044677751,21.326740264892692],[80.48396301269537,21.39727020263672],[80.40112304687517,21.378271102905387],[80.40825653076178,21.447219848632756],[80.36923217773432,21.522911071777457],[80.25527954101568,21.62072944641119],[80.18618774414062,21.632669448852482],[80.0596466064456,21.553730010986442],[79.99669647216825,21.535310745239315],[79.93103790283209,21.55561065673828],[79.91581726074247,21.52448081970215],[79.76879882812494,21.59043121337902],[79.57135772705107,21.543800354003906],[79.51066589355474,21.58316040039074],[79.488578796387,21.674121856689453],[79.31733703613281,21.685819625854492],[79.22808074951172,21.721910476684684],[79.21990203857439,21.650810241699276],[79.14713287353527,21.656560897827262],[79.10411071777361,21.609359741210938],[78.97476196289057,21.6175594329834],[78.9290618896485,21.59463119506836],[78.9044265747072,21.554840087890625],[78.94064331054688,21.513700485229606],[78.92057037353544,21.48763084411621],[78.72418975830095,21.46438026428234],[78.58486938476591,21.486881256103572],[78.5247421264649,21.525831222534237],[78.43858337402372,21.50375938415533],[78.4225616455081,21.601949691772518],[78.37951660156267,21.61865043640131],[78.35468292236322,21.576908111572322],[78.25762176513672,21.59184074401861],[78.26902008056669,21.57472991943382],[78.17726898193388,21.556699752807617],[78.17057037353527,21.502059936523665],[77.93176269531256,21.385818481445312],[77.81801605224626,21.408729553222656],[77.70524597167969,21.359069824218864],[77.69113159179688,21.397069931030273],[77.67000579834001,21.37292289733898],[77.5993881225586,21.392089843749943],[77.58444213867199,21.364479064941406],[77.48702239990263,21.377750396728516],[77.41880035400408,21.520839691162166],[77.46472930908203,21.555971145629996],[77.58924865722685,21.530349731445426],[77.54457092285162,21.692432403564453],[77.4770126342774,21.76795959472662],[77.27707672119158,21.759809494018555],[77.28690338134777,21.73644256591797],[77.2179794311524,21.698429107666243],[77.1714477539063,21.727260589599723],[77.07406616210966,21.722610473632926],[76.89174652099604,21.600700378418026],[76.7953491210938,21.5975399017334],[76.78513336181635,21.476720809936637],[76.62583923339872,21.329740524291992],[76.66017913818388,21.273599624633846],[76.62003326416021,21.1954402923584],[76.49117279052763,21.197820663452205],[76.4410705566408,21.112131118774528],[76.3810424804688,21.07907104492199],[76.16864776611357,21.085821151733455],[76.11396026611345,21.164640426635856],[76.16908264160173,21.191881179809513],[76.10694885253912,21.36020278930664],[75.95939636230497,21.39619064331049],[75.54530334472668,21.375799179077262],[75.20372009277372,21.417318344116268],[75.10666656494135,21.469629287719727],[75.05774688720709,21.564939498901424],[74.90358734130876,21.62922286987316],[74.78906250000028,21.61086082458496],[74.5572967529298,21.683532714843693],[74.55303192138678,21.71774101257347],[74.5112533569336,21.727649688720817],[74.52398681640625,21.91306114196783],[74.44863891601562,21.971130371093864],[74.44603729248053,22.026519775390625],[74.3061065673831,21.9702205657959],[74.2877960205081,21.93548011779791],[74.2006378173831,21.925649642944393],[74.14702606201183,21.95404052734375],[74.10118865966803,22.018280029296818],[74.17646026611328,22.084491729736385],[74.1325912475586,22.09632110595703],[74.12240600585943,22.20866012573248],[74.08159637451183,22.220500946045036],[74.0598907470706,22.29067039489746],[74.07702636718761,22.362380981445312],[74.18406677246122,22.32261085510254],[74.25798797607428,22.400030136108512],[74.28830718994146,22.39797973632824],[74.20461273193365,22.437171936035156],[74.19082641601568,22.477880477905387],[74.18280029296892,22.442750930786133],[74.14424896240251,22.456710815429744],[74.12689971923845,22.420129776001033],[74.07843017578125,22.473390579223746],[74.08136749267584,22.508518218994254],[74.04293823242182,22.490829467773665],[74.04078674316418,22.53016090393072],[74.09327697753935,22.54465103149414],[74.14321136474621,22.518800735473746],[74.26535797119158,22.64483070373541],[74.38108825683622,22.638639450073356],[74.4754028320313,22.86497116088873],[74.44406127929688,22.92259979248047],[74.38160705566412,22.909908294677734],[74.32531738281256,23.048170089721793],[74.38767242431646,23.110441207885742],[74.51228332519543,23.088830947876204],[74.66532135009766,23.198249816894588],[74.7211380004884,23.196979522705078],[74.7508392333985,23.230381011962947],[74.695541381836,23.228590011596793],[74.71853637695312,23.24600982666027],[74.7016220092774,23.26675033569336],[74.55822753906256,23.285310745239315],[74.51830291748064,23.3287296295166],[74.6131210327149,23.451551437378043],[74.77406311035173,23.543302536010856],[74.85147857666016,23.557399749755973],[74.93972015380871,23.630371093749943],[74.91043853759783,23.687980651855412],[74.93785095214872,23.776710510253906],[74.91033935546886,23.80084037780756],[74.90567779541033,23.87391090393072],[74.98121643066423,24.04104042053234],[74.88017272949224,24.21648025512701],[74.90271759033214,24.23101043701172],[74.88530731201178,24.26873970031744],[74.75302124023466,24.289390563964844],[74.85411071777372,24.470209121704215],[74.71290588378912,24.509220123291016],[74.8177566528322,24.679920196533203],[74.77527618408209,24.68773078918457],[74.79847717285173,24.790540695190543],[74.90246582031256,24.656311035156364],[74.99989318847673,24.708488464355526],[74.9934310913086,24.75272941589361],[75.02133941650396,24.770269393920955],[74.84078216552729,24.803419113159237],[74.85604858398438,24.847169876098633],[74.82627105712919,24.95220947265625],[74.84635162353533,24.974290847778434],[74.944808959961,24.877910614013672],[75.04338836669939,24.859228134155217],[75.11943054199247,24.895830154419002],[75.1190567016601,24.974752426147518],[75.16256713867188,24.991701126098576],[75.1562805175783,25.03544044494629],[75.34558868408209,25.042800903320312],[75.31387329101568,24.900440216064453],[75.28536224365263,24.976690292358512],[75.26631164550776,24.961919784545955],[75.29308319091803,24.923179626464787],[75.26077270507807,24.905340194702262],[75.29904937744146,24.870260238647575],[75.42059326171903,24.881631851196232],[75.29841613769531,24.8199081420899],[75.28382110595732,24.85001945495617],[75.22953033447283,24.85748100280773],[75.24994659423845,24.895690917968864],[75.2074279785158,24.904649734497127],[75.25192260742193,24.837169647216854],[75.18768310546903,24.77007293701172],[75.21936798095732,24.723051071166935],[75.45189666748041,24.693218231201286],[75.56899261474638,24.719900131225813],[75.61332702636724,24.688421249389705],[75.75968170166027,24.764799118042106],[75.80545806884777,24.756269454956055],[75.83920288085943,24.608749389648665],[75.9110717773438,24.577051162719727],[75.92501831054693,24.538299560546875],[75.8910522460938,24.509588241577262],[75.91245269775396,24.48558044433605],[75.88648986816412,24.436929702758846],[75.82900238037126,24.422519683837947],[75.79564666748064,24.473121643066463],[75.7283020019533,24.407491683960018],[75.75625610351574,24.327222824096793],[75.8129959106447,24.300678253173942],[75.82636260986345,24.242570877075252],[75.76782226562506,24.207548141479492],[75.74349212646513,24.13960075378418],[75.83586120605469,24.10400009155279],[75.8337631225586,24.075429916381893],[75.72515869140636,23.974519729614258],[75.69845581054699,23.970079421997184],[75.6691970825197,24.03354263305664],[75.58383941650419,23.991920471191634],[75.54264831542997,24.025560379028377],[75.46720886230486,23.984529495239485],[75.45649719238298,23.920740127563477],[75.55715942382841,23.86279106140148],[75.56253051757812,23.816930770874023],[75.64108276367216,23.802259445190487],[75.68447875976568,23.760568618774414],[75.6902465820313,23.819610595703125],[75.71569061279297,23.81705093383789],[75.72637176513672,23.853431701660213],[75.70094299316418,23.89491081237793],[75.7282180786134,23.902099609375057],[75.77992248535185,23.85470008850109],[75.93180847167986,23.901939392089957],[75.97599029541044,23.93898963928234],[75.95910644531267,24.009971618652344],[76.1312866210937,24.106620788574332],[76.14222717285156,24.281150817871037],[76.19004821777344,24.32995033264183],[76.2233505249024,24.22327041625971],[76.28716278076189,24.21825027465826],[76.33499145507807,24.253969192504883],[76.42253112792997,24.214220046997184],[76.46994781494146,24.231399536132812],[76.53143310546903,24.16346931457531],[76.57972717285156,24.180679321289062],[76.58802032470709,24.24955940246582],[76.69330596923834,24.27404975891119],[76.68438720703153,24.18864059448248],[76.71247863769531,24.16662979125971],[76.75733947753923,24.169702529907283],[76.80111694335966,24.120340347290096],[76.88625335693376,24.13174819946289],[76.94386291503923,24.19885063171398],[76.83888244628935,24.34262275695795],[76.85132598876953,24.469108581543026],[76.81459045410162,24.53437042236351],[76.91287231445324,24.54356956481928],[76.9228820800783,24.480651855468864],[76.95287322998053,24.463930130004826],[77.0015258789063,24.4778995513916],[77.06355285644543,24.585340499877873],[77.0192489624024,24.714950561523438],[76.94577789306658,24.764049530029297],[76.86084747314447,24.748699188232536],[76.80229187011713,24.826570510864258],[76.94664001464872,24.868259429931697],[76.85952758789062,25.00691032409668],[76.98367309570341,25.077560424804744],[77.0904159545899,25.066360473632926],[77.19738769531256,25.116670608520508],[77.34867858886724,25.097791671753043],[77.39318847656244,25.115280151367188],[77.40952301025396,25.212430953979606],[77.36203765869146,25.255931854248047],[77.3658065795899,25.328500747680778],[77.33641815185547,25.325580596923828],[77.35395812988298,25.403629302978572],[77.30529785156267,25.43641090393072],[77.2256469726563,25.379249572753906],[77.19738769531256,25.310979843139705],[77.0754699707033,25.33969116210949],[76.94838714599638,25.276521682739258],[76.90463256835943,25.317859649658317],[76.77282714843756,25.31591033935547],[76.62549591064453,25.375110626220646],[76.52030944824224,25.529930114746094],[76.48239135742216,25.718130111694336],[76.53061676025396,25.733970642089957],[76.52931213378935,25.79797172546398],[76.63833618164068,25.901519775390625],[76.71452331542997,25.900989532470703],[76.80631256103516,25.95297813415533],[76.88777923584001,26.093322753906193],[77.0964431762697,26.195440292358455],[77.10938262939447,26.225072860717717],[77.25144958496122,26.26703071594244],[77.36025238037126,26.36952018737793],[77.43972778320307,26.378690719604492],[77.42771911621088,26.40690994262718],[77.53717803955107,26.423458099365234],[77.66768646240251,26.50831031799322],[77.8043060302735,26.551401138305664],[77.8945770263673,26.66221046447754],[78.01920318603516,26.697620391845817],[78.07537078857428,26.67819023132347],[78.1110458374024,26.76214027404785],[78.0944213867188,26.783430099487305],[78.18044281005865,26.79704093933117],[78.16355133056669,26.829851150512695],[78.26088714599626,26.82094955444336],[78.29470062255865,26.868289947509993],[78.36250305175776,26.871330261230582],[78.36464691162126,26.86884117126465]]]}},{"type":"Feature","properties":{"name":"Maharashtra"},"geometry":{"type":"MultiPolygon","coordinates":[[[[74.43554687500006,22.030998229980526],[74.49340057373058,21.95449066162132],[74.51352691650408,21.722530364990348],[74.55471038818376,21.71537017822277],[74.58976745605463,21.664648056030273],[74.78808593750011,21.61102104187006],[74.9018783569336,21.630229949951115],[75.03183746337902,21.569309234619197],[75.11509704589861,21.45956039428711],[75.25399780273443,21.406139373779297],[76.0986709594726,21.37392807006836],[76.1670532226563,21.203580856323356],[76.11396026611345,21.164640426635856],[76.16911315917986,21.10371971130371],[76.38275909423834,21.079561233520508],[76.65902709960966,21.25324821472168],[76.75654602050798,21.449928283691406],[76.78024291992193,21.5624675750733],[77.08024597167986,21.71869277954113],[77.26277160644548,21.723630905151424],[77.29367065429705,21.759918212890682],[77.44988250732439,21.763410568237248],[77.55856323242182,21.66867256164562],[77.58551788330078,21.55880928039562],[77.48400115966797,21.553302764892635],[77.42079925537121,21.516281127929688],[77.5287628173831,21.379070281982422],[77.97154998779314,21.401380538940543],[78.22666931152372,21.55644035339367],[78.37203979492182,21.6107692718507],[78.45419311523449,21.498310089111328],[78.50856018066418,21.52843284606928],[78.59326171875028,21.487689971923885],[78.84417724609375,21.48997116088873],[78.93869781494169,21.517288208007812],[78.911636352539,21.57090950012207],[79.13707733154291,21.636850357055607],[79.22187805175787,21.700599670410213],[79.45851135253923,21.68732261657715],[79.53662109375011,21.544218063354606],[79.81165313720714,21.56430053710949],[80.01000976562506,21.544591903686637],[80.18618774414062,21.632669448852482],[80.23596954345703,21.62076950073248],[80.37085723876959,21.517091751098633],[80.40467834472685,21.456359863281364],[80.40444183349615,21.375810623168945],[80.49633026123053,21.392940521240348],[80.58307647705095,21.331169128418196],[80.66559600830107,21.322111129760742],[80.63530731201166,21.250139236450252],[80.48181152343767,21.17657089233421],[80.43640136718767,21.092710494995174],[80.44879150390642,20.945301055908146],[80.54618835449247,20.903079986572322],[80.55454254150396,20.747150421142578],[80.51891326904325,20.661760330200252],[80.55140686035173,20.599079132080192],[80.61972045898455,20.56731986999506],[80.60222625732428,20.376440048217773],[80.54202270507841,20.30684852600109],[80.40371704101591,20.247699737549055],[80.38601684570307,20.162809371948242],[80.49114990234392,20.1414794921875],[80.54522705078136,20.059570312500114],[80.52600860595697,19.941120147705078],[80.40931701660173,19.935380935668945],[80.4969100952149,19.87718009948742],[80.39842987060547,19.803190231323356],[80.53887176513678,19.78070259094244],[80.66455078125,19.690750122070256],[80.76641082763678,19.568319320678768],[80.889701843262,19.499250411987305],[80.79795074462902,19.411649703979435],[80.79500579834001,19.32476043701172],[80.69873809814459,19.28227043151861],[80.52612304687506,19.367210388183707],[80.36235809326166,19.169321060180607],[80.26531982421892,18.946992874145508],[80.34558105468744,18.833930969238395],[80.26145172119169,18.76497077941889],[80.23557281494158,18.700420379638672],[80.08212280273449,18.702449798583928],[79.992919921875,18.77351951599121],[79.9413528442384,18.915769577026367],[79.85700988769537,19.042200088501204],[79.95923614501959,19.42591094970726],[79.82821655273443,19.537010192871037],[79.71292877197266,19.583330154419002],[79.59805297851591,19.503770828247127],[79.36902618408203,19.57123184204113],[79.2501068115235,19.57768058776861],[79.18904113769537,19.458700180053768],[78.97785186767595,19.579942703247184],[78.81714630126959,19.760419845581282],[78.50961303710955,19.80118942260765],[78.38497161865263,19.873891830444393],[78.29769134521501,19.873292922973746],[78.34541320800787,19.734422683715934],[78.29897308349638,19.623411178588867],[78.29548645019537,19.530839920044002],[78.19715118408203,19.331729888916016],[78.07514190673834,19.2465496063233],[77.96270751953153,19.331769943237305],[77.86084747314482,19.287639617919922],[77.83863830566412,19.11885070800787],[77.76093292236322,19.051210403442496],[77.82739257812506,18.94572067260748],[77.92533874511713,18.859210968017692],[77.64528656005871,18.536300659179744],[77.59329223632812,18.523141860961914],[77.52848052978533,18.440481185913086],[77.57022857666033,18.308179855346737],[77.4653930664063,18.259960174560547],[77.35542297363276,18.318519592285213],[77.40788269042963,18.378490447998274],[77.32557678222662,18.455120086669922],[77.10292816162126,18.186309814453182],[76.95095825195318,18.17247962951666],[76.96734619140625,18.092639923095817],[76.91940307617182,18.0220108032226],[76.90020751953125,17.914688110351562],[76.73964691162115,17.88362121582037],[76.77002716064482,17.79701995849615],[76.71909332275419,17.76133155822754],[76.6882629394533,17.678510665893555],[76.60690307617193,17.759580612182674],[76.53159332275402,17.758529663085994],[76.44084930419916,17.649370193481445],[76.33167266845709,17.594869613647575],[76.3700485229495,17.407899856567383],[76.31301116943371,17.343271255493164],[76.24436187744169,17.374679565429688],[76.163803100586,17.300331115722656],[76.0849914550783,17.332120895385742],[75.94174957275408,17.324859619140568],[75.87712860107428,17.411350250244254],[75.81627655029303,17.397811889648494],[75.6328887939456,17.469640731811523],[75.57853698730463,17.382930755615348],[75.65988922119146,17.261440277099553],[75.6556167602539,16.95611000061041],[75.4685897827149,16.979570388794002],[75.28843688964838,16.954772949218807],[75.23001098632824,16.84091949462902],[75.03449249267584,16.92873954772955],[74.95453643798834,16.930000305175895],[74.94513702392595,16.87712287902832],[74.85497283935553,16.770769119262752],[74.70783233642572,16.713090896606445],[74.67386627197294,16.628459930419922],[74.59253692626959,16.557270050048828],[74.4647979736331,16.652950286865348],[74.32145690917986,16.502670288085938],[74.28431701660162,16.543092727661076],[74.26214599609392,16.488670349121207],[74.3406219482423,16.436170578003043],[74.36165618896479,16.36474990844738],[74.33223724365263,16.356950759887695],[74.32932281494146,16.28106117248535],[74.5031127929688,16.231040954589844],[74.47796630859403,16.091899871826172],[74.39724731445318,16.078388214111328],[74.37858581542997,16.036621093750114],[74.4702758789063,16.040540695190487],[74.38794708251982,15.863941192626896],[74.34453582763689,15.85205078125],[74.37551116943365,15.796719551086483],[74.29216766357433,15.739311218261719],[74.22247314453142,15.78170108795166],[74.03929901123075,15.62085056304943],[73.97570037841803,15.659781455993652],[73.8734970092774,15.795321464538631],[73.81603240966803,15.735269546508846],[73.67708587646513,15.725694656372127],[73.64901733398466,15.746811866760254],[73.67292022705078,15.75569343566923],[73.66208648681658,15.804580688476562],[73.59069824218744,15.909480094909782],[73.51069641113287,15.937083244323787],[73.4556961059572,16.054309844970874],[73.44653320312517,16.223749160766715],[73.42986297607433,16.199031829834098],[73.41179656982416,16.26902961730957],[73.43541717529325,16.285694122314453],[73.40985870361357,16.28014183044445],[73.38680267333979,16.33569526672369],[73.40985870361357,16.3612518310548],[73.36846923828153,16.362920761108512],[73.40541839599615,16.404584884643555],[73.36736297607422,16.396526336669922],[73.31680297851557,16.51346969604498],[73.31874847412126,16.55680465698248],[73.34902954101591,16.506248474121094],[73.38764190673834,16.513196945190543],[73.34569549560553,16.555694580078125],[73.39013671875006,16.55458068847662],[73.31680297851557,16.601530075073356],[73.35236358642584,16.596805572509766],[73.3062362670899,16.731250762939453],[73.33180236816412,16.818201065063477],[73.29651641845709,16.815141677856445],[73.28624725341825,16.878471374511776],[73.31319427490234,16.889583587646484],[73.27819824218756,16.89485931396507],[73.29458618164068,16.97957992553711],[73.25512695312506,17.02597045898449],[73.2620925903322,17.048740386963004],[73.28820037841791,17.007080078125114],[73.28430938720709,17.040138244628906],[73.31847381591825,17.037916183471793],[73.27930450439459,17.0395832061767],[73.29792022705072,17.074859619140625],[73.19069671630888,17.29736137390131],[73.22985839843767,17.28319358825712],[73.24180603027372,17.315139770507756],[73.16847229003923,17.40236091613764],[73.20153045654303,17.439306259155273],[73.13708496093761,17.55736160278326],[73.16791534423834,17.581527709960994],[73.1270828247072,17.63763999938982],[73.13291931152372,17.72431182861328],[73.0881958007813,17.84013938903837],[73.13291931152372,17.829029083252237],[73.08985900878923,17.844305038452205],[73.05097198486345,17.905139923095817],[73.08875274658203,17.940694808959904],[73.02874755859386,17.94791984558117],[73.03874969482439,17.982641220092887],[73.00402832031267,18.021804809570256],[73.0454177856447,18.041530609130973],[72.99069213867205,18.054582595825423],[72.98737335205107,18.195140838623047],[72.93096923828125,18.220417022705192],[72.93624877929716,18.282360076904524],[72.96319580078125,18.280420303344783],[72.97402954101591,18.24682044982916],[73.06930541992193,18.222082138061523],[73.0559692382813,18.18625068664562],[73.09208679199247,18.16263771057129],[73.05986022949247,18.190416336059684],[73.08041381835943,18.227361679077262],[73.043197631836,18.29708290100092],[73.08625030517595,18.28819465637207],[73.08513641357428,18.3295841217041],[73.02958679199236,18.264862060546875],[72.91401672363298,18.354852676391715],[72.89514160156267,18.464860916137752],[72.90708160400419,18.541250228881893],[72.92846679687494,18.541810989379826],[72.855697631836,18.698194503784407],[72.8684692382813,18.80236053466797],[72.91430664062528,18.79236030578619],[72.93846893310553,18.826528549194336],[72.96985626220697,18.790420532226847],[72.9820861816408,18.80931091308622],[72.98847198486334,18.865970611572266],[72.9262466430664,18.851249694824276],[72.90847015380876,18.9023628234865],[72.9573593139649,18.908472061157454],[72.95432281494146,18.971530914306925],[73.03236389160168,18.998195648193587],[72.96791839599638,19.059028625488224],[72.90763854980497,18.992080688476506],[72.86486053466803,19.00430488586437],[72.8431930541995,18.923471450805607],[72.8048629760745,18.899311065673828],[72.82319641113281,18.941528320312443],[72.79235839843756,18.95070075988781],[72.83735656738298,19.045139312744197],[72.81680297851568,19.04181098937994],[72.80403137207037,19.142082214355526],[72.8301391601563,19.180971145629883],[72.79374694824224,19.130420684814567],[72.78098297119152,19.16765022277832],[72.83847045898455,19.26625061035162],[72.78347015380888,19.192922592163086],[72.79902648925781,19.33097076416044],[72.75736236572294,19.378194808960018],[72.74485778808594,19.463472366333008],[72.78542327880854,19.527360916137695],[72.76958465576166,19.50458335876465],[72.72013854980497,19.53874969482439],[72.71319580078125,19.592639923095703],[72.73735809326166,19.597642898559627],[72.69458007812528,19.729581832885856],[72.71736145019548,19.755140304565543],[72.690971374512,19.74097061157238],[72.69347381591825,19.805694580078182],[72.65180206298834,19.858194351196346],[72.68125152587919,19.865417480468864],[72.66485595703153,19.9298610687257],[72.69013977050787,19.95791625976574],[72.72070312500011,19.96792030334467],[72.75375366210932,19.932638168335018],[72.7168045043947,19.972082138061523],[72.70791625976568,20.070140838623104],[72.74106597900396,20.135959625244254],[72.91086578369152,20.22606086730957],[72.9732284545899,20.130800247192496],[73.1702270507813,20.065601348877067],[73.33642578125028,20.20409965515148],[73.42607116699247,20.22359848022461],[73.39550781250006,20.398019790649528],[73.49327087402361,20.54220008850109],[73.4151229858399,20.62805938720703],[73.44357299804693,20.67799949645996],[73.49729156494158,20.686019897460938],[73.62594604492216,20.621110916137923],[73.6761779785158,20.56415939331066],[73.77997589111328,20.591859817504883],[73.903793334961,20.73064041137718],[73.94019317626953,20.808860778808594],[73.9111633300783,20.975429534912053],[73.81208038330084,21.010660171508903],[73.61384582519531,21.16797065734869],[73.73668670654303,21.1382808685305],[73.9501571655274,21.308050155639705],[73.98883056640625,21.404489517212028],[74.05251312255876,21.42995071411127],[74.06891632080095,21.48106956481945],[74.10560607910162,21.449220657348633],[74.23501586914062,21.479707717895508],[74.25563812255876,21.463331222534293],[74.32821655273449,21.49756050109869],[74.32962036132812,21.54116058349632],[74.31066894531261,21.56688117980957],[74.201156616211,21.529951095580998],[74.18183135986345,21.561769485473633],[74.06920623779308,21.559509277343864],[73.8802032470706,21.50789070129406],[73.78952789306646,21.620910644531307],[73.89636230468756,21.700281143188704],[73.84496307373047,21.790681838989315],[73.8995132446289,21.854490280151595],[74.09867095947283,21.93762969970703],[74.28190612792997,21.934740066528434],[74.4177474975586,22.025810241699276],[74.43554687500006,22.030998229980526]]]]}},{"type":"Feature","properties":{"name":"Manipur"},"geometry":{"type":"Polygon","coordinates":[[[94.57723236084013,25.648330688476676],[94.59519958496094,25.643850326538143],[94.55574035644548,25.58581161499029],[94.55741882324213,25.512769699096737],[94.68242645263678,25.45973014831543],[94.67382812500017,25.41620063781744],[94.63117980957043,25.387290954589844],[94.58535766601568,25.215749740600586],[94.745658874512,25.13659095764166],[94.74221038818388,25.02524948120123],[94.703140258789,24.978271484375114],[94.71907043457037,24.942470550537166],[94.63784790039068,24.842359542846907],[94.61084747314453,24.72211265563965],[94.55098724365251,24.716539382934627],[94.53148651123041,24.632390975952262],[94.40341949462896,24.487779617309513],[94.40390777587908,24.421140670776367],[94.36534118652372,24.399679183960018],[94.38336944580084,24.379409790039062],[94.32634735107428,24.33894920349121],[94.16146087646479,23.85277938842796],[94.1226425170899,23.842729568481445],[94.09609222412126,23.893571853637752],[93.95378112792986,23.950199127197266],[93.8159866333009,23.929828643799055],[93.75694274902361,24.009492874145565],[93.62065887451178,24.014240264892578],[93.60346221923834,23.96959114074707],[93.56353759765642,23.989578247070312],[93.5087127685548,23.948900222778434],[93.46885681152372,23.973939895629826],[93.42473602294928,24.07171058654791],[93.35143280029314,24.11241912841797],[93.33737182617193,24.05340003967291],[93.25528717041016,24.023790359497127],[93.24801635742216,24.08533859252941],[93.21673583984403,24.05006027221691],[93.14219665527361,24.08678817749029],[93.10092163085949,24.045089721679688],[93.07949066162115,24.102970123291016],[92.97637939453153,24.11482048034668],[93.0433731079101,24.343389511108626],[93.0004959106447,24.40327072143566],[93.03916931152338,24.411130905151424],[93.06111907958984,24.574832916259766],[93.10697937011724,24.58356094360346],[93.07541656494135,24.59622955322277],[93.10470581054693,24.675342559814453],[93.0758666992188,24.710390090942383],[93.10724639892607,24.741899490356445],[93.10978698730486,24.809740066528263],[93.15294647216803,24.789779663085994],[93.19735717773438,24.811260223388786],[93.19719696044928,24.856491088867244],[93.2624130249024,24.951370239257926],[93.24884033203142,25.018800735473633],[93.33577728271484,25.095840454101562],[93.40357208251959,25.263071060180778],[93.47402191162138,25.309280395507812],[93.47675323486345,25.279039382934798],[93.51078796386724,25.27560806274414],[93.505142211914,25.24413108825678],[93.55471038818388,25.250528335571232],[93.6080169677735,25.20205116271984],[93.69277954101591,25.361589431762695],[93.80899810791016,25.46558952331543],[93.80404663085955,25.499029159545955],[93.76579284667974,25.499900817871207],[93.77063751220697,25.540279388427848],[93.83648681640642,25.563060760498047],[93.9652175903322,25.556577682495117],[94.01473236083996,25.59613037109375],[94.09210968017584,25.532730102539176],[94.19486999511736,25.55242919921875],[94.21485137939482,25.500240325927678],[94.30898284912115,25.49380111694336],[94.42027282714872,25.542650222778377],[94.43002319335938,25.592721939086914],[94.50537109375,25.616992950439453],[94.57301330566418,25.69765090942377],[94.59694671630876,25.686910629272518],[94.57678985595709,25.65283012390148],[94.57723236084013,25.648330688476676]]]}},{"type":"Feature","properties":{"name":"Meghalaya"},"geometry":{"type":"Polygon","coordinates":[[[91.85383605957037,26.10478973388672],[91.92209625244158,25.999530792236442],[91.99106597900419,26.041032791137923],[92.1331176757813,26.04589080810547],[92.1783065795899,26.079509735107365],[92.30158233642607,26.076490402221623],[92.15631866455095,25.944799423218],[92.16369628906244,25.911790847778263],[92.22547912597685,25.907049179077205],[92.15310668945318,25.8127498626709],[92.16069793701189,25.671859741210938],[92.22899627685547,25.716209411621207],[92.38510131835966,25.75356292724615],[92.43316650390653,25.731452941894645],[92.43213653564459,25.691009521484432],[92.50170898437517,25.62293052673334],[92.55761718750017,25.611988067627067],[92.57250213623064,25.56042098999046],[92.65345764160168,25.592180252075195],[92.64469909667997,25.537441253662053],[92.56741333007818,25.46747016906744],[92.59815979003935,25.471651077270508],[92.60909271240251,25.41657066345215],[92.65428161621094,25.435340881347656],[92.78437042236328,25.332538604736442],[92.79222106933611,25.28518104553234],[92.76464843750011,25.24934959411621],[92.80356597900402,25.217239379882926],[92.66690826416033,25.177061080932617],[92.62164306640653,25.117700576782283],[92.52466583251959,25.140029907226506],[92.5429458618164,25.099599838256836],[92.48429870605497,25.10806083679205],[92.46325683593756,25.03712844848627],[92.42590332031261,25.031820297241325],[92.34716796875028,25.052190780639705],[92.34783172607428,25.0782527923584],[92.23354339599626,25.097000122070312],[92.21231842041044,25.116460800170955],[92.23232269287138,25.11960983276373],[92.07176971435541,25.189622879028434],[91.75287628173828,25.179821014404297],[91.7440032958985,25.151220321655387],[91.64453125,25.122720718383732],[91.60558319091825,25.145801544189567],[91.61741638183622,25.17591094970703],[91.47406768798828,25.133859634399414],[91.27378845214861,25.204307556152287],[90.86695861816406,25.15612030029297],[90.78542327880888,25.183969497680664],[90.73928070068388,25.15443038940424],[90.67301177978521,25.16664123535162],[90.67117309570341,25.19729042053234],[90.64878082275396,25.173339843750057],[90.51670074462885,25.175069808960075],[90.45236206054693,25.144502639770508],[90.34152984619146,25.193500518798942],[90.11519622802763,25.226921081543196],[89.97123718261736,25.303060531616154],[89.83426666259766,25.295669555664006],[89.82166290283197,25.385360717773438],[89.87995910644537,25.488639831543026],[89.87010192871122,25.54422187805187],[90.01844024658209,25.608390808105696],[89.9469528198245,25.65883064270031],[89.89541625976568,25.744119644165153],[89.93350982666021,25.74455070495611],[89.94458007812506,25.82447814941412],[90.00831604003912,25.846830368042106],[90.00473785400419,25.878681182861328],[90.11865234375,25.961259841918945],[90.18251037597685,25.944450378418026],[90.32434082031256,25.974380493164062],[90.36499023437506,26.01032066345209],[90.42862701416033,25.989040374755973],[90.47728729248047,26.01526069641119],[90.53446197509766,25.958021163940543],[90.51254272460955,25.896240234375057],[90.58245849609386,25.95979118347168],[90.62901306152372,25.9374294281007],[90.60650634765653,25.912281036376953],[90.624809265137,25.89889907836914],[90.68604278564482,25.950809478759766],[90.74743652343761,25.9573211669923],[90.7405395507813,25.91521072387701],[90.77806091308611,25.90829086303711],[90.80989074707048,25.952159881591797],[90.88298034667969,25.951749801635685],[90.91911315917997,25.91331100463873],[90.91587829589872,25.943161010742244],[90.94274902343761,25.947570800781364],[90.96745300292986,25.887180328369197],[91.02922058105469,25.888048171997127],[91.00078582763666,25.82225036621105],[91.19647979736322,25.859010696411133],[91.17993164062517,25.77631950378418],[91.19198608398443,25.729581832885742],[91.22387695312506,25.723419189453182],[91.27562713623075,25.746940612793082],[91.3335571289063,25.83884048461914],[91.52540588378912,25.872890472412223],[91.47476196289057,25.87123107910179],[91.53132629394537,25.92371177673334],[91.50163269042997,25.920761108398438],[91.57583618164091,26.03310966491722],[91.63215637207048,26.022409439087028],[91.63794708251959,25.964849472045955],[91.61115264892578,25.939920425415096],[91.66931152343744,25.90538978576666],[91.7201766967774,25.95407104492199],[91.73126220703153,26.0592098236084],[91.82655334472662,26.118141174316406],[91.85383605957037,26.10478973388672]]]}},{"type":"Feature","properties":{"name":"Mizoram"},"geometry":{"type":"Polygon","coordinates":[[[92.80079650878923,24.419050216674805],[92.8327026367188,24.376369476318416],[92.91153717041044,24.41290092468256],[93.02435302734392,24.390470504760742],[93.02156829833996,24.346820831298942],[93.0433731079101,24.343389511108626],[93.00670623779325,24.253959655761776],[93.02658843994135,24.23263168334961],[92.97637939453153,24.11482048034668],[93.07949066162115,24.102970123291016],[93.10092163085949,24.045089721679688],[93.14791107177734,24.088090896606673],[93.16983795166016,24.05495262145996],[93.21673583984403,24.05006027221691],[93.24801635742216,24.08533859252941],[93.25528717041016,24.023790359497127],[93.33737182617193,24.05340003967291],[93.33442687988276,23.98694992065424],[93.39871978759766,23.93028068542486],[93.40528869628912,23.761590957641715],[93.44470214843767,23.68242835998541],[93.39718627929682,23.433311462402457],[93.41423797607428,23.38801193237316],[93.3658065795899,23.354480743408146],[93.39470672607416,23.224279403686523],[93.37394714355486,23.15030097961437],[93.39364624023443,23.13861274719261],[93.29772186279303,23.005798339843807],[93.2531967163086,23.006481170654524],[93.19445037841797,23.06031036376953],[93.13294219970709,23.047500610351562],[93.16835021972673,22.919130325317496],[93.13875579833984,22.913179397583065],[93.0992660522461,22.81040954589838],[93.11268615722662,22.744239807128906],[93.09175109863287,22.709341049194393],[93.1443710327149,22.598859786987305],[93.11168670654314,22.531789779663313],[93.1908111572265,22.427259445190487],[93.20858001709001,22.26106834411621],[93.14710998535185,22.246540069580078],[93.15441131591814,22.1781902313233],[93.0466613769533,22.197620391845817],[93.06556701660162,22.102052688598576],[93.01326751709001,22.1022109985351],[93.00924682617188,21.983930587768555],[92.95580291748075,22.02992057800293],[92.91088867187506,21.946229934692326],[92.86773681640642,22.06536293029791],[92.71788787841803,22.152629852295036],[92.69355773925776,22.077249526977653],[92.68383789062494,22.105348587036133],[92.68435668945324,22.017910003662337],[92.60968017578142,21.97683715820324],[92.5704193115235,22.12912178039562],[92.60997772216825,22.12130928039562],[92.61389160156267,22.172941207885742],[92.52697753906256,22.676160812377987],[92.44753265380876,22.89359092712425],[92.37542724609375,22.934881210327262],[92.39366912841808,23.058168411255167],[92.36579895019537,23.105949401855696],[92.36109924316435,23.237537384033317],[92.40863037109392,23.246080398559513],[92.28144073486345,23.630050659179688],[92.29524993896496,23.692699432373047],[92.25939941406278,23.81499099731468],[92.28678894042969,23.81678009033203],[92.27474975585955,23.84905815124523],[92.32019805908209,23.865829467773494],[92.33114624023466,23.9118022918704],[92.31144714355474,23.96058273315458],[92.33683776855497,24.146789550781477],[92.29660797119169,24.251729965209904],[92.42237854003923,24.253110885620117],[92.41897583007818,24.194360733032283],[92.46597290039091,24.134750366211165],[92.52966308593761,24.174800872802848],[92.55063629150396,24.24589920043951],[92.61158752441423,24.25334930419922],[92.62428283691435,24.332651138305778],[92.69066619873075,24.354801177978572],[92.7651977539063,24.520849227905387],[92.80004882812517,24.421461105346793],[92.80079650878923,24.419050216674805]]]}},{"type":"Feature","properties":{"name":"Nagaland"},"geometry":{"type":"Polygon","coordinates":[[[95.21444702148449,26.936950683593693],[95.23385620117193,26.89084053039545],[95.18450164794933,26.864830017089957],[95.24491882324224,26.787330627441634],[95.21614074707037,26.735319137573242],[95.23763275146501,26.686290740966797],[95.15470886230474,26.61948966979992],[95.15448760986328,26.580802917480582],[95.06630706787104,26.456779479980696],[95.1357421875,26.387832641601506],[95.1205673217774,26.109741210937443],[95.18569946289057,26.080350875854492],[95.10646820068365,25.968151092529297],[95.0218658447265,25.90999984741211],[95.05252838134794,25.762659072875977],[94.93757629394531,25.669031143188477],[94.88897705078142,25.593111038208008],[94.90499114990251,25.56711006164562],[94.84944152832026,25.560689926147518],[94.81249237060564,25.495370864868278],[94.63297271728516,25.465658187866268],[94.55741882324213,25.512769699096737],[94.55574035644548,25.58581161499029],[94.59519958496094,25.643850326538143],[94.57608795166044,25.644701004028377],[94.59561920166033,25.69128036499029],[94.57301330566418,25.69765090942377],[94.50537109375,25.616992950439453],[94.43002319335938,25.592721939086914],[94.42027282714872,25.542650222778377],[94.31353759765625,25.49447059631342],[94.21485137939482,25.500240325927678],[94.19486999511736,25.55242919921875],[94.09210968017584,25.532730102539176],[94.01473236083996,25.59613037109375],[93.9652175903322,25.556577682495117],[93.83648681640642,25.563060760498047],[93.77063751220697,25.540279388427848],[93.76579284667974,25.499900817871207],[93.80404663085955,25.499029159545955],[93.80899810791016,25.46558952331543],[93.69277954101591,25.361589431762695],[93.6125793457033,25.20619010925293],[93.55471038818388,25.250528335571232],[93.505142211914,25.24413108825678],[93.51078796386724,25.27560806274414],[93.47675323486345,25.279039382934798],[93.45188903808622,25.344190597534237],[93.47821807861357,25.379882812500057],[93.46186828613298,25.4346981048584],[93.39591979980474,25.464120864868278],[93.3317413330081,25.546810150146484],[93.42753601074236,25.631458282470646],[93.49991607666021,25.65652084350586],[93.57324981689453,25.760799407958984],[93.70548248291021,25.848630905151367],[93.68768310546875,25.909440994262752],[93.77301788330084,25.966020584106445],[93.79576110839855,25.814350128173942],[93.842338562012,25.86260986328125],[93.8827362060548,25.845909118652457],[93.97939300537115,25.919679641723633],[93.95488739013666,26.0073299407959],[94.0048065185548,26.17327117919922],[94.1080474853515,26.32640075683588],[94.17550659179693,26.344219207763786],[94.18654632568365,26.46051025390625],[94.27674102783209,26.558839797973633],[94.31651306152372,26.462930679321516],[94.39945220947294,26.532320022583008],[94.40786743164091,26.61433029174799],[94.4625015258789,26.635459899902344],[94.46452331542997,26.667510986328125],[94.54505920410173,26.710901260376204],[94.574691772461,26.691020965576172],[94.60414886474604,26.73928070068365],[94.65338897705095,26.72363090515148],[94.7563705444336,26.7722682952882],[94.92376708984386,26.950330734252987],[95.02134704589861,26.925399780273494],[95.1955184936524,27.042949676513672],[95.21219635009794,26.94334983825695],[95.21444702148449,26.936950683593693]]]}},{"type":"Feature","properties":{"name":"Orissa"},"geometry":{"type":"MultiPolygon","coordinates":[[[[84.78319549560575,19.110971450805835],[84.76125335693388,19.071250915527514],[84.73021697998064,19.089305877685547],[84.78236389160162,19.110971450805835],[84.78319549560575,19.110971450805835]]],[[[86.27027893066412,20.058057785034123],[86.30805206298834,20.03444480895996],[86.24523162841814,20.029359817505053],[86.26999664306635,20.05833244323736],[86.27027893066412,20.058057785034123]]],[[[87.00851440429682,20.708122253417912],[87.00243377685564,20.7090034484865],[87.01583099365234,20.722221374511832],[87.00916290283209,20.70819091796875],[87.00851440429682,20.708122253417912]]],[[[86.87065124511736,20.771778106689453],[86.99194335937517,20.771112442016545],[87.00138854980474,20.715829849243164],[86.92871093750006,20.714651107788143],[86.85917663574213,20.66472053527832],[86.87832641601568,20.733060836791935],[86.85352325439459,20.65672492980957],[86.80347442626947,20.676567077636946],[86.81912231445307,20.63924217224138],[86.77379608154303,20.646387100219897],[86.83000183105469,20.760000228881836],[86.86929321289062,20.772590637206974],[86.87065124511736,20.771778106689453]]],[[[87.01651000976591,20.802829742431584],[87.00572204589844,20.809570312500114],[87.0025024414063,20.832221984863338],[87.01857757568388,20.82287406921398],[87.01679229736334,20.803369522094897],[87.01651000976591,20.802829742431584]]],[[[86.07834625244158,22.530410766601506],[86.11992645263689,22.485559463501033],[86.27982330322271,22.44552040100109],[86.31986236572271,22.380359649658317],[86.43335723876959,22.301540374755916],[86.48171234130854,22.342018127441406],[86.63761901855474,22.263090133667106],[86.71766662597656,22.197929382324332],[86.71520996093767,22.15872001647972],[87.01761627197277,22.041280746460075],[87.01478576660185,21.88968276977539],[87.07773590087919,21.859800338745117],[87.10785675048857,21.91741943359375],[87.2256164550783,21.9571208953858],[87.26242065429705,21.81385993957514],[87.37306213378923,21.762041091918945],[87.42481994628912,21.765659332275334],[87.46605682373075,21.72519111633318],[87.48082733154314,21.607780456543082],[87.38111114501959,21.546110153198526],[87.20188140869169,21.548490524291992],[87.10694885253906,21.51773452758789],[86.91027832031278,21.33916664123535],[86.82250213623075,21.193889617919922],[86.83666992187494,21.100280761718693],[86.96971893310553,20.82138824462902],[86.95804595947271,20.785001754760742],[86.88138580322271,20.797502517700195],[86.82776641845703,20.771669387817496],[86.7556991577149,20.613344192504996],[86.77555847167974,20.645280838012695],[86.81945037841825,20.638320922851506],[86.80223846435553,20.67521095275879],[86.84506225585932,20.650819778442383],[86.93279266357416,20.7102699279788],[87.04461669921892,20.708877563476506],[86.88582611084013,20.61639022827171],[86.73388671875017,20.478612899780217],[86.73105621337908,20.40707015991228],[86.78888702392584,20.369722366333235],[86.77111053466814,20.333610534668026],[86.68000030517584,20.263332366943587],[86.6705627441408,20.281391143798828],[86.67805480957037,20.258333206176985],[86.45944213867205,20.160840988159293],[86.49111175537126,20.15777015686035],[86.47194671630888,20.098054885864258],[86.49472045898455,20.153329849243107],[86.55889129638678,20.200559616088867],[86.41176605224626,20.05554008483898],[86.38833618164068,19.97694015502924],[86.34751129150396,19.982221603393782],[86.29007720947283,20.061130523681868],[86.24870300292974,20.053987503051758],[86.23972320556658,20.02695083618164],[86.293930053711,20.024789810180835],[86.32138824462896,19.983331680298136],[86.3030853271485,19.98325920104992],[86.3406066894533,19.972848892212028],[86.31847381591814,19.949304580688477],[86.36065673828125,19.952241897583292],[86.02353668212919,19.844539642334098],[86.04189300537126,19.846229553222656],[85.90444183349615,19.831668853759766],[85.6644363403322,19.739168167114315],[85.34944152832037,19.586669921875],[85.1627807617187,19.460561752319393],[85.06622314453153,19.3658065795899],[84.90625,19.269582748413086],[84.7784729003908,19.11069107055664],[84.72512817382818,19.0973606109622],[84.73680877685558,19.143751144409407],[84.70347595214872,19.12069511413597],[84.71875,19.09653091430681],[84.697563171387,19.15029144287115],[84.59184265136724,19.123840332031364],[84.65453338623047,19.052310943603516],[84.60048675537104,19.03293037414562],[84.5597229003908,19.05956077575678],[84.47569274902355,18.991739273071232],[84.41541290283209,19.008132934570312],[84.40769958496111,18.901121139526367],[84.33413696289068,18.857990264892635],[84.326957702637,18.789672851562614],[84.08177947998053,18.744640350341797],[84.01586914062528,18.801410675048942],[83.87391662597662,18.817768096923885],[83.78148651123047,19.009790420532283],[83.74108123779314,18.983890533447493],[83.77127075195318,18.901300430297965],[83.62271881103521,19.144687652587947],[83.5046005249024,19.010099411010856],[83.50617980957037,19.054309844970817],[83.4638290405274,19.071401596069336],[83.46224212646501,18.963590621948356],[83.34091186523455,19.00916290283226],[83.3091430664063,18.98035049438471],[83.33454132080107,18.91582107543951],[83.35890197753912,18.9547119140625],[83.3796615600586,18.921520233154524],[83.34902954101574,18.93383979797369],[83.40680694580084,18.853679656982536],[83.38313293457037,18.826070785522575],[83.22931671142578,18.76414108276373],[83.20633697509771,18.728031158447266],[83.14686584472685,18.76317977905279],[83.11650085449224,18.747970581054688],[83.0094833374024,18.633541107177848],[83.0094833374024,18.591440200805664],[83.05113220214872,18.583070755004883],[83.02686309814459,18.5679607391358],[83.07315826416021,18.514739990234375],[83.02484130859375,18.436660766601506],[83.06582641601591,18.393159866333065],[82.9687805175783,18.35758018493658],[82.89186096191435,18.366880416870174],[82.87706756591814,18.41183090209961],[82.79917144775419,18.439401626586914],[82.7510375976563,18.32833290100109],[82.65648651123075,18.27880096435547],[82.6316528320313,18.228530883789176],[82.58547210693365,18.266120910644645],[82.58917236328153,18.37713813781744],[82.54057312011719,18.403430938720703],[82.5231323242188,18.50392913818365],[82.48161315917963,18.538459777832145],[82.36702728271501,18.41716957092308],[82.37841033935575,18.378131866455135],[82.34101104736357,18.310659408569393],[82.3751068115235,18.318000793457145],[82.3822402954101,18.28429031372076],[82.3197326660158,18.20104026794445],[82.35756683349615,18.12510108947754],[82.33692932128912,18.049100875854492],[82.28777313232433,18.060560226440487],[82.26220703125006,18.03630065917963],[82.26725006103516,17.98644065856945],[82.05898284912126,18.058450698852653],[81.75829315185558,17.893360137939396],[81.67774963378912,17.877580642700423],[81.59973907470709,17.815441131592024],[81.38304901123047,17.81695175170904],[81.47644042968744,17.967630386352596],[81.52173614501959,18.148309707641545],[81.51113891601591,18.20194053649908],[81.59687042236334,18.30211067199707],[81.65866851806646,18.31109809875494],[81.91639709472662,18.559020996093977],[81.94690704345709,18.55915069580078],[81.88780212402355,18.631629943847656],[81.94592285156256,18.646379470825195],[81.96768188476568,18.690612792968807],[82.07398223876982,18.71309089660639],[82.091293334961,18.756179809570312],[82.14547729492193,18.773279190063533],[82.17076873779314,18.89159011840826],[82.22767639160162,18.906690597534407],[82.15570831298845,19.19652938842779],[82.18025207519526,19.332202911377067],[82.14234924316423,19.348171234130916],[82.17398071289062,19.376939773559798],[82.16069030761724,19.42951965332037],[82.05979156494146,19.503641128540153],[82.03489685058622,19.583272933960075],[82.04827880859375,19.788410186767805],[81.85840606689459,19.899549484252873],[81.83730316162138,19.950080871582088],[81.86653900146501,20.03603935241705],[81.94135284423834,20.102251052856445],[82.03102874755865,20.02288055419922],[82.08943939209013,20.03454971313471],[82.17578125000006,19.985530853271428],[82.21945190429693,19.993459701538086],[82.26864624023443,19.957929611206055],[82.32511901855474,19.840490341186523],[82.41043853759794,19.893400192260856],[82.59349822998053,19.864540100097656],[82.58129119873053,19.772691726684627],[82.7058868408206,19.838090896606445],[82.69802093505865,19.992731094360295],[82.57872009277344,19.995639801025334],[82.39260101318376,20.073310852050895],[82.37892913818365,20.144630432128963],[82.42833709716803,20.28986167907715],[82.39878845214855,20.331651687622013],[82.42916870117182,20.425752639770508],[82.32747650146513,20.55789756774908],[82.36522674560575,20.66376113891613],[82.33567047119169,20.79737281799322],[82.35917663574219,20.882709503173942],[82.45350646972662,20.821220397949162],[82.49363708496088,20.909349441528434],[82.60861968994169,21.018199920654297],[82.63594055175781,21.149450302124023],[82.96363830566423,21.16167068481451],[83.13400268554693,21.1052303314209],[83.18297576904314,21.132049560546932],[83.24244689941435,21.276439666748047],[83.27480316162115,21.290571212768498],[83.25495910644537,21.33192062377924],[83.28137969970703,21.375141143798885],[83.37663269042974,21.343299865722656],[83.39317321777361,21.365190505981502],[83.34335327148432,21.464889526367244],[83.36232757568365,21.572521209716854],[83.40180969238287,21.626750946045036],[83.44757843017584,21.644599914550895],[83.44872283935553,21.60822105407715],[83.4864730834961,21.633171081543082],[83.42864990234392,21.668889999389705],[83.484130859375,21.74155235290533],[83.46717834472673,21.78273963928234],[83.57353210449247,21.829660415649528],[83.58325195312511,21.898569107055664],[83.5326766967774,22.028631210327376],[83.58351135253906,22.054950714111442],[83.5648269653322,22.09397125244152],[83.65744018554699,22.22479057312006],[83.74565124511736,22.24122047424322],[83.82940673828142,22.323940277099553],[83.99739837646484,22.368539810180664],[84.04000854492193,22.43289947509777],[83.97609710693365,22.502210617065487],[83.99429321289091,22.52881050109869],[84.11783599853521,22.47142028808605],[84.19410705566412,22.371810913086165],[84.27324676513689,22.345092773437557],[84.3775863647461,22.345909118652457],[84.50582885742199,22.416200637817326],[84.77805328369169,22.44354057312023],[84.9181518554688,22.42856979370123],[85.04223632812494,22.476940155029297],[85.0711059570313,22.4559001922608],[85.07549285888678,22.355779647827262],[85.11445617675787,22.290489196777344],[85.06990051269531,22.260290145874023],[84.99359893798822,22.077209472656193],[85.03118133544922,22.102479934692383],[85.09900665283209,22.096120834350586],[85.24652862548828,22.025409698486442],[85.28742218017584,22.093179702758846],[85.39443969726568,22.158599853515682],[85.7046508789062,22.054330825805778],[85.81542205810558,22.092821121216048],[85.77140045166044,21.983711242675895],[85.90542602539068,21.96663093566889],[86.0267181396485,22.185222625732536],[85.96978759765625,22.24340057373047],[86.0323028564456,22.30523109436035],[86.00842285156256,22.309959411621094],[86.0120468139649,22.414730072021428],[85.95826721191412,22.465900421142578],[86.046646118164,22.557889938354492],[86.06920623779314,22.54306983947754],[86.07834625244158,22.530410766601506]]]]}},{"type":"Feature","properties":{"name":"Puducherry"},"geometry":{"type":"MultiPolygon","coordinates":[[[[79.74823760986345,10.981531143188704],[79.85457611084013,10.976021766662654],[79.85208129882818,10.827630043029842],[79.82375335693376,10.817920684814453],[79.85124969482439,10.813771247863826],[79.8133392333985,10.814081192016658],[79.78956604003935,10.861750602722168],[79.80898284912121,10.867440223693848],[79.70423126220709,10.918870925903434],[79.70365142822271,10.951861381531046],[79.74553680419922,10.943340301513786],[79.74305725097656,10.985060691833496],[79.74823760986345,10.981531143188704]]],[[[79.69048309326178,12.001120567321777],[79.70989990234392,11.976221084594783],[79.74964904785162,11.986130714416731],[79.71570587158209,11.967451095580998],[79.73690032959013,11.907170295715275],[79.79972839355486,11.964289665222282],[79.83763885498075,11.94054985046398],[79.82375335693376,11.881810188293457],[79.79069519042997,11.878748893737793],[79.81958007812517,11.874308586120549],[79.80041503906278,11.808399200439453],[79.78176116943354,11.840270996093864],[79.7521362304688,11.82445144653326],[79.74980926513678,11.860529899597282],[79.72776031494169,11.832339286804142],[79.6957321166995,11.87337970733654],[79.65907287597668,11.865669250488281],[79.68286132812506,11.904708862304801],[79.70258331298857,11.902500152587947],[79.69153594970732,11.878400802612305],[79.72489929199247,11.891510009765852],[79.67819976806635,11.936532020568904],[79.69905090332031,11.97205924987793],[79.64234161376947,11.975811004638615],[79.69242095947271,12.01107120513916],[79.69048309326178,12.001120567321777]]],[[[75.37460327148466,12.149080276489371],[75.40217590332031,12.134140014648494],[75.30906677246111,12.102661132812557],[75.30152893066412,12.024600028991642],[75.2645797729495,12.01930999755865],[75.29597473144537,11.947916030883732],[75.22492218017572,12.031949996948242],[75.22113037109392,12.100951194763297],[75.37201690673845,12.146470069885254],[75.37460327148466,12.149080276489371]]],[[[82.26568603515653,16.702920913696232],[82.28539276123064,16.69763946533226],[82.2587509155274,16.690111160278434],[82.26291656494146,16.702920913696232],[82.26568603515653,16.702920913696232]]],[[[82.21096801757807,16.727939605713004],[82.29370117187528,16.74304008483898],[82.30282592773443,16.722839355468807],[82.24569702148455,16.71681022644043],[82.25344848632841,16.689720153808537],[82.17463684082037,16.72510910034174],[82.22181701660185,16.750352859497127],[82.21002960205095,16.73127174377447],[82.21096801757807,16.727939605713004]]]]}},{"type":"Feature","properties":{"name":"Punjab"},"geometry":{"type":"Polygon","coordinates":[[[75.86876678466803,32.48868179321312],[75.9321670532226,32.41682052612316],[75.8438796997072,32.37931060791021],[75.73639678955084,32.27376174926769],[75.62254333496105,32.23468017578125],[75.62021636962896,32.185169219970874],[75.6618270874024,32.16466903686535],[75.57875823974626,32.08168029785156],[75.68981933593756,32.06153106689476],[75.89454650878935,31.949800491333235],[75.97146606445312,31.81454849243164],[75.9218292236331,31.817180633545036],[76.15349578857428,31.414012908935547],[76.13503265380865,31.361759185791016],[76.17282867431669,31.306739807129077],[76.29609680175781,31.31920051574707],[76.33666229248058,31.353019714355753],[76.31584167480474,31.40237808227539],[76.36313629150396,31.44135093688982],[76.44827270507841,31.30599021911644],[76.43113708496094,31.282840728759822],[76.46671295166021,31.310211181640682],[76.51811218261719,31.262310028076286],[76.5371704101562,31.283950805664176],[76.53495025634766,31.255350112915266],[76.5705032348634,31.280149459838867],[76.601615905762,31.25090980529785],[76.5806121826173,31.21635246276861],[76.62594604492193,31.227090835571346],[76.5903930664062,31.18285942077631],[76.5893173217774,31.12770080566429],[76.62573242187517,31.11024284362793],[76.59896850585932,31.053550720214957],[76.61006927490251,31.004230499267692],[76.71260070800793,30.963420867920036],[76.84678649902361,30.792520523071232],[76.8014526367188,30.762769699096907],[76.75092315673834,30.796848297119197],[76.69068145751982,30.746660232544173],[76.73847961425787,30.68915176391613],[76.81980895996122,30.68582916259794],[76.83479309082037,30.65582084655773],[76.86222839355486,30.67927169799799],[76.85858154296875,30.6406307220459],[76.91342926025396,30.599702835083008],[76.88504028320341,30.54042053222679],[76.92032623291044,30.518020629882812],[76.8888473510745,30.44111061096197],[76.92729949951178,30.388639450073185],[76.88022613525396,30.35970115661621],[76.83245849609392,30.433881759643555],[76.80845642089861,30.411859512329272],[76.75786590576172,30.438890457153263],[76.70014953613287,30.393611907958984],[76.73853302001964,30.35964965820324],[76.71515655517595,30.332910537719727],[76.6098175048831,30.27061080932623],[76.54763793945341,30.26492118835455],[76.5325317382813,30.227130889892805],[76.58399963378912,30.25653076171875],[76.63891601562506,30.205940246582315],[76.60105133056669,30.08023071289074],[76.45208740234403,30.100709915161246],[76.41020202636736,30.202289581299],[76.38099670410173,30.18324089050293],[76.39000701904303,30.12754058837902],[76.32588195800798,30.14924049377447],[76.34892272949213,30.127660751342887],[76.32289886474615,30.108221054077262],[76.2511596679688,30.1189994812014],[76.20387268066412,30.158901214599723],[76.21192932128935,30.135061264038313],[76.1906127929687,30.134960174560717],[76.25499725341803,30.104579925537053],[76.19091796875006,30.016412734985295],[76.20387268066412,29.94412040710455],[76.16629028320318,29.9286594390872],[76.1846389770509,29.888580322265568],[76.24201202392584,29.869028091430835],[76.1163864135745,29.796400070190373],[76.07766723632841,29.805772781372127],[76.04148101806658,29.748781204223746],[75.87928009033214,29.7470703125],[75.82901763916033,29.81232070922863],[75.77162170410173,29.825389862060547],[75.70593261718778,29.80862045288086],[75.6974487304688,29.755210876464957],[75.62535858154303,29.77322959899925],[75.56878662109403,29.74262046813959],[75.44426727294916,29.807849884033374],[75.37877655029303,29.711299896240234],[75.33535003662104,29.693849563598746],[75.35044860839861,29.659280776977766],[75.31772613525396,29.6707000732423],[75.2805633544923,29.610109329223746],[75.29606628417963,29.56808090209961],[75.22348022460943,29.546171188354492],[75.2212371826173,29.60655021667486],[75.15783691406267,29.662710189819336],[75.23097991943388,29.75206756591797],[75.18234252929716,29.838701248169116],[75.15405273437506,29.78101921081543],[75.09017944335943,29.806661605835075],[75.0848007202149,29.915140151977482],[75.06548309326172,29.879039764404524],[74.9899291992187,29.85646057128912],[74.91573333740229,29.94915962219244],[74.88523864746094,29.939109802246207],[74.88149261474615,29.968349456787223],[74.84963226318365,29.959129333496378],[74.80117797851568,29.992572784423942],[74.69078826904303,29.96927070617687],[74.639633178711,29.903949737548828],[74.524642944336,29.951560974121094],[73.89118194580084,29.970069885254077],[73.88186645507818,30.011240005493278],[73.9666519165039,30.12118911743164],[73.96810913085949,30.184299468994254],[73.95784759521513,30.26169013977062],[73.87321472167986,30.38343811035179],[73.98851776123058,30.50456047058117],[74.03401184082048,30.53626060485834],[74.07761383056669,30.529361724853516],[74.09099578857416,30.612791061401367],[74.28180694580084,30.73023414611822],[74.26220703125006,30.768030166626033],[74.297378540039,30.782730102539176],[74.316146850586,30.847581863403434],[74.36300659179688,30.845806121826172],[74.36552429199236,30.885406494140796],[74.5381164550783,30.99354171752941],[74.55839538574224,31.06752586364746],[74.62251281738287,31.047021865844727],[74.69442749023449,31.095439910888786],[74.67732238769526,31.13060951232933],[74.62145996093767,31.13703155517601],[74.5923690795899,31.133350372314567],[74.59279632568388,31.087408065796126],[74.55193328857428,31.08562088012701],[74.50459289550787,31.13850975036644],[74.51111602783209,31.272331237793082],[74.55187225341814,31.298454284668082],[74.64206695556658,31.459960937500227],[74.56620025634771,31.50083923339872],[74.60385131835966,31.53411102294922],[74.60090637207037,31.5678386688233],[74.51728057861357,31.72291183471691],[74.59910583496122,31.88511085510254],[74.7032623291015,31.92489814758312],[74.70919799804705,31.957948684692383],[74.73591613769548,31.937389373779297],[74.80914306640642,31.955139160156364],[74.86225128173834,32.04510879516613],[74.91426086425798,32.06521987915045],[75.00492858886724,32.028755187988395],[75.11625671386736,32.08280944824219],[75.16445159912104,32.067970275878906],[75.19532012939482,32.11664962768549],[75.23916625976574,32.08715057373058],[75.31423187255876,32.15918731689476],[75.3332824707033,32.2047195434572],[75.31420135498047,32.214908599853516],[75.36315155029308,32.23468017578125],[75.32530212402361,32.34284210205084],[75.47223663330084,32.34004974365246],[75.4989471435548,32.27532958984381],[75.52921295166021,32.34888076782249],[75.71153259277361,32.41815948486328],[75.872543334961,32.57619094848633],[75.855278015137,32.49958038330078],[75.86876678466803,32.48868179321312]]]}},{"type":"Feature","properties":{"name":"Rajasthan"},"geometry":{"type":"Polygon","coordinates":[[[73.88944244384783,29.97760963439964],[74.51906585693376,29.943349838256893],[74.51091003417974,29.9042911529541],[74.55356597900408,29.865640640259016],[74.47056579589838,29.802000045776367],[74.47200012207037,29.744029998779354],[74.59253692626959,29.76671981811529],[74.60598754882807,29.746650695801065],[74.5665359497072,29.56349945068365],[74.61440277099626,29.527111053466854],[74.57891082763672,29.45862007141136],[74.530746459961,29.45754814147955],[74.59577941894537,29.328311920166016],[74.64412689208979,29.335348129272575],[74.65851593017584,29.369979858398438],[74.73169708251953,29.35378837585455],[74.83510589599626,29.401479721069393],[74.92714691162138,29.364639282226562],[74.95310974121122,29.28194046020502],[75.0504760742188,29.272399902343807],[75.07807922363298,29.232450485229663],[75.18850708007812,29.25863075256342],[75.22345733642578,29.234951019287166],[75.31926727294928,29.293439865112248],[75.34530639648455,29.22616004943859],[75.38797760009794,29.264352798461857],[75.38065338134771,29.070320129394474],[75.42975616455107,29.05617904663086],[75.4326400756836,29.022069931030444],[75.51110076904303,29.010829925537337],[75.46888732910156,28.937990188598746],[75.54901123046892,28.643121719360295],[75.62001800537115,28.599229812622184],[75.62909698486328,28.545970916748104],[75.78515625000017,28.450740814208984],[75.76544952392607,28.42078018188471],[75.78759002685541,28.404441833496207],[75.92237854003918,28.368909835815543],[76.09288787841803,28.155218124389705],[75.99975585937506,28.156440734863338],[75.94249725341814,28.105630874633732],[75.97458648681646,28.05705070495617],[76.03311920166033,28.06865119934082],[75.97435760498064,28.03693962097168],[75.99053955078125,28.010171890259016],[75.95546722412126,27.988639831543082],[75.98207855224621,27.98698043823248],[75.97319793701189,27.95800018310547],[75.92858886718767,27.94174957275385],[75.92883300781256,27.91680908203142],[75.96753692626959,27.91537094116211],[75.96425628662126,27.871509552002124],[76.10334777832037,27.86237907409668],[76.16734313964838,27.80914115905756],[76.22328186035173,27.840930938720817],[76.1660766601563,27.920989990234375],[76.15872192382841,28.004550933838004],[76.21382904052746,28.03168106079096],[76.17688751220703,28.048959732055778],[76.2717895507813,28.06638908386242],[76.31659698486334,28.0209903717041],[76.35328674316435,28.065572738647518],[76.29740142822294,28.10104942321783],[76.34321594238281,28.13277053833002],[76.27906799316435,28.178720474243164],[76.33590698242216,28.177341461181754],[76.3767700195312,28.138071060180664],[76.47099304199213,28.154741287231502],[76.49780273437506,28.106620788574276],[76.4485702514649,28.09317016601591],[76.49537658691435,28.06764030456543],[76.45574188232422,28.04648017883312],[76.53124237060575,28.043111801147575],[76.53819274902344,27.97054100036621],[76.66240692138678,28.022941589355582],[76.64697265625006,28.08510971069336],[76.77294158935547,28.15142059326172],[76.813232421875,28.21631240844721],[76.88668823242193,28.21049118042015],[76.95654296875011,28.14600944519043],[76.92231750488298,27.98582839965826],[76.9299087524414,27.855230331420955],[76.88334655761747,27.724422454833984],[76.91456604003912,27.700820922851676],[76.8828430175783,27.703371047973576],[76.9026260375976,27.658519744873274],[76.9722976684572,27.672870635986442],[76.99437713623047,27.74204254150385],[77.07943725585932,27.74019050598139],[77.02276611328153,27.777948379516545],[77.03827667236345,27.820041656494197],[77.12652587890653,27.776460647583008],[77.15209960937494,27.815771102905387],[77.18044281005865,27.80443191528343],[77.16870117187494,27.784900665283203],[77.19676208496111,27.819440841674748],[77.23174285888678,27.785800933838175],[77.29538726806658,27.799840927124194],[77.29760742187528,27.718681335449446],[77.33053588867193,27.711139678955135],[77.34276580810553,27.65720176696783],[77.31321716308605,27.617321014404524],[77.3483963012697,27.590120315551758],[77.33252716064482,27.538549423217773],[77.4254379272461,27.464809417724553],[77.44326019287115,27.393329620361328],[77.57454681396513,27.326730728149414],[77.61634063720732,27.33831024169939],[77.59166717529303,27.30055809021019],[77.67299652099604,27.200361251831225],[77.60511779785156,27.168479919433707],[77.59078216552763,27.12308120727539],[77.49841308593756,27.095190048217887],[77.51429748535185,27.070421218872298],[77.56568145751953,27.07801055908226],[77.56067657470703,27.035650253296012],[77.624252319336,27.01689910888672],[77.67076873779314,27.048900604248104],[77.71392059326178,26.997961044311523],[77.72216033935558,27.026140213012695],[77.74768066406256,27.017629623413086],[77.45517730712885,26.889560699462834],[77.41748809814459,26.842790603637695],[77.42726898193365,26.776092529296932],[77.48635864257818,26.761011123657227],[77.5066680908206,26.847381591796932],[77.5206909179688,26.82200813293457],[77.60083770751959,26.834230422973633],[77.71984100341803,26.886739730834904],[77.72392272949213,26.922950744629134],[77.76509857177763,26.937990188598633],[77.88479614257818,26.892320632934684],[77.90661621093778,26.92395973205572],[77.94197082519548,26.89978981018095],[78.01406097412126,26.908391952514876],[78.02722167968767,26.862180709838867],[78.04862976074224,26.913770675659293],[78.10276031494158,26.909931182861442],[78.11489868164091,26.954860687255916],[78.26122283935541,26.931779861450252],[78.2265701293947,26.88262939453125],[78.19352722167969,26.8895206451416],[78.20979309082031,26.836090087890625],[78.16355133056669,26.829851150512695],[78.17611694335966,26.791492462158317],[78.09538269042974,26.789430618286133],[78.11482238769537,26.758811950683537],[78.08573913574247,26.68305015563965],[77.99221801757818,26.70264053344721],[77.9036026000976,26.666179656982536],[77.8184204101563,26.593851089477653],[77.81765747070318,26.56021118164074],[77.66768646240251,26.50831031799322],[77.5228805541995,26.414911270141715],[77.42771911621088,26.40690994262718],[77.43676757812506,26.36814117431652],[77.33467102050798,26.357231140136776],[77.26703643798834,26.27617073059082],[77.12403106689482,26.23795127868658],[77.0964431762697,26.195440292358455],[76.88777923584001,26.093322753906193],[76.79479980468761,25.94422149658203],[76.58528137207048,25.86771965026861],[76.5226593017581,25.774341583251953],[76.53061676025396,25.733970642089957],[76.47778320312506,25.695060729980582],[76.50779724121088,25.67612075805664],[76.52030944824224,25.529930114746094],[76.56427764892578,25.442401885986442],[76.68107604980474,25.34547996520996],[76.88156890869146,25.322860717773665],[76.94182586669928,25.275360107421932],[77.0754699707033,25.33969116210949],[77.19055175781256,25.311660766601676],[77.2955627441408,25.43169021606451],[77.3543472290039,25.424022674560604],[77.33641815185547,25.325580596923828],[77.36376190185558,25.333000183105526],[77.36271667480486,25.25007057189947],[77.4064025878908,25.226291656494254],[77.39810943603544,25.11641120910656],[77.30285644531256,25.08386993408226],[77.16957855224615,25.113719940185774],[77.06801605224626,25.05969047546381],[76.99372863769537,25.079950332641715],[76.85952758789062,25.00691032409668],[76.94425964355486,24.8654727935791],[76.80158233642595,24.819839477539062],[76.84729766845732,24.750400543212947],[76.94577789306658,24.764049530029297],[77.033462524414,24.702949523925838],[77.06433868408232,24.564121246337834],[76.97495269775408,24.464929580688477],[76.9308395385745,24.476699829101562],[76.91287231445324,24.54356956481928],[76.81416320800798,24.532279968261776],[76.84897613525402,24.464380264282227],[76.84017944335943,24.338720321655217],[76.94444274902361,24.206291198730526],[76.89994049072294,24.13111114501953],[76.79093170166021,24.125759124755973],[76.76885986328136,24.16468048095703],[76.70114135742193,24.171440124511832],[76.6847686767581,24.282690048217773],[76.58747863769543,24.246049880981502],[76.57266998291016,24.177299499511776],[76.53578186035168,24.16421127319336],[76.47457122802763,24.228702545166072],[76.41443634033209,24.20742034912115],[76.34417724609392,24.251899719238338],[76.21821594238293,24.21738052368164],[76.19004821777344,24.32995033264183],[76.14222717285156,24.281150817871037],[76.12327575683588,24.092332839965934],[75.96018218994169,24.025369644165096],[75.97409057617216,23.931529998779354],[75.76962280273466,23.85444068908714],[75.70707702636747,23.902889251708984],[75.72637176513672,23.853431701660213],[75.71569061279297,23.81705093383789],[75.6869201660158,23.817689895629996],[75.68515014648466,23.76664924621582],[75.64367675781256,23.801830291748104],[75.59168243408232,23.802391052246207],[75.55850219726591,23.820159912109318],[75.57640075683622,23.84329032897972],[75.55715942382841,23.86279106140148],[75.45649719238298,23.920740127563477],[75.46237945556635,23.9681015014649],[75.5319213867188,24.031480789184684],[75.58036804199224,23.994302749633903],[75.6691970825197,24.03354263305664],[75.71382141113298,23.972080230712834],[75.76203918457031,23.997951507568416],[75.7777175903322,24.05714035034174],[75.82950592041044,24.07195281982422],[75.83579254150402,24.111351013183707],[75.74349212646513,24.13960075378418],[75.77350616455095,24.22089195251465],[75.82688140869135,24.246410369873047],[75.81120300292997,24.303449630737305],[75.76509094238281,24.31065940856945],[75.72688293457043,24.40527915954584],[75.79564666748064,24.473121643066463],[75.84725189209013,24.418970108032227],[75.90335083007841,24.45393943786621],[75.8910522460938,24.509588241577262],[75.92204284667997,24.527280807495174],[75.91739654541021,24.57147979736328],[75.84233093261713,24.600242614746207],[75.8387527465822,24.72986984252924],[75.75968170166027,24.764799118042106],[75.6094360351562,24.6899929046632],[75.56899261474638,24.719900131225813],[75.43753814697277,24.695529937744084],[75.21936798095732,24.723051071166935],[75.18559265136747,24.76304054260254],[75.25192260742193,24.837169647216854],[75.20131683349626,24.884201049804744],[75.21264648437506,24.91007041931175],[75.2477493286134,24.899917602539062],[75.2340698242187,24.858310699462947],[75.2789382934572,24.853490829467887],[75.30049133300798,24.81524276733404],[75.4170989990235,24.863901138305607],[75.40753936767584,24.891910552978572],[75.29904937744146,24.870260238647575],[75.26145172119146,24.88965988159191],[75.29116821289062,24.924961090088004],[75.2714920043947,24.968219757080135],[75.31387329101568,24.900440216064453],[75.34558868408209,25.042800903320312],[75.1737823486331,25.05379295349121],[75.1613159179688,24.99008941650402],[75.1190567016601,24.974752426147518],[75.11886596679682,24.889039993286246],[75.02974700927746,24.860540390014762],[74.92368316650396,24.89207077026373],[74.90260314941423,24.937271118164176],[74.8327102661134,24.96745109558111],[74.827133178711,24.89912986755371],[74.85903167724621,24.829010009765625],[74.84078216552729,24.803419113159237],[75.01293182373053,24.793809890747298],[75.02131652832037,24.767160415649528],[74.9934310913086,24.75272941589361],[74.99655914306652,24.70684242248558],[74.89285278320307,24.655349731445426],[74.79847717285173,24.790540695190543],[74.77606201171886,24.686059951782283],[74.81710815429716,24.67167091369629],[74.71290588378912,24.509220123291016],[74.85813140869135,24.467332839965934],[74.7547912597658,24.27897071838379],[74.88530731201178,24.26873970031744],[74.90725708007818,24.240810394287053],[74.88017272949224,24.21648025512701],[74.99236297607433,24.02323150634777],[74.90567779541033,23.87391090393072],[74.94056701660173,23.734870910644645],[74.91043853759783,23.687980651855412],[74.93898010253935,23.6431884765625],[74.85147857666016,23.557399749755973],[74.77406311035173,23.543302536010856],[74.6131210327149,23.451551437378043],[74.52028656005871,23.331691741943587],[74.55346679687506,23.282520294189567],[74.7016220092774,23.26675033569336],[74.69500732421886,23.223079681396484],[74.74603271484392,23.21536064147955],[74.66915893554705,23.201490402221737],[74.51228332519543,23.088830947876204],[74.38767242431646,23.110441207885742],[74.3392791748048,23.066970825195312],[74.28678131103521,23.091699600219954],[74.24603271484403,23.188259124756087],[74.20754241943354,23.192050933837947],[74.18660736084001,23.15252113342291],[74.12702178955107,23.178850173950252],[74.13610839843756,23.264720916748104],[74.03759765624994,23.305740356445256],[73.96247100830095,23.381389617919922],[73.93889617919928,23.34141921997093],[73.90122985839844,23.33591270446783],[73.8367996215822,23.44013977050787],[73.76065063476557,23.45681190490734],[73.72030639648443,23.41484069824213],[73.68190765380876,23.457080841064396],[73.65320587158214,23.440490722656307],[73.65039825439447,23.626880645751953],[73.57074737548834,23.65351104736328],[73.51024627685564,23.620689392089844],[73.50853729248064,23.70333099365257],[73.42048645019537,23.779331207275447],[73.37590026855497,23.766670227050838],[73.3626480102539,23.78742980957037],[73.36606597900408,23.8690700531007],[73.4234695434572,23.927600860595817],[73.37346649169922,24.12813949584961],[73.3351821899414,24.115110397338924],[73.29103088378935,24.02740287780773],[73.24582672119169,24.010709762573242],[73.19893646240229,24.051460266113395],[73.21578979492193,24.101699829101562],[73.09095001220732,24.175279617309627],[73.1449584960937,24.30785751342779],[73.18062591552729,24.301490783691463],[73.21644592285185,24.350469589233455],[73.21098327636736,24.37541961669922],[73.18017578125006,24.3506698608399],[73.08442687988287,24.39764976501459],[73.10832977294916,24.426321029663086],[73.09892272949224,24.491491317748967],[73.033203125,24.463710784912166],[73.01278686523438,24.482400894165153],[72.96327972412115,24.383739471435547],[72.9914627075197,24.363971710205135],[72.91557312011724,24.3328094482423],[72.88429260253912,24.36084938049339],[72.7392883300783,24.358840942382812],[72.69753265380876,24.452630996704215],[72.54213714599615,24.504869461059627],[72.48744201660168,24.405420303344727],[72.4461669921875,24.448261260986385],[72.44248962402344,24.504249572753963],[72.38632202148443,24.500511169433537],[72.34057617187511,24.557510375976676],[72.29512023925787,24.53844070434576],[72.27671051025419,24.599180221557674],[72.3140258789063,24.585390090942496],[72.35378265380854,24.61810111999523],[72.1616668701173,24.615810394287053],[72.0854797363283,24.658720016479606],[72.08525085449219,24.697008132934513],[72.00109100341825,24.682970046997127],[71.94419097900396,24.626779556274528],[71.88133239746088,24.67567062377941],[71.86093139648432,24.614059448242188],[71.81553649902338,24.618328094482422],[71.79898834228533,24.670520782470817],[71.66156005859386,24.63326072692871],[71.6165924072265,24.670680999755973],[71.52731323242216,24.67716026306158],[71.38305664062506,24.621681213378906],[71.34276580810547,24.648229598999137],[71.2977371215822,24.607641220092717],[71.10713958740229,24.68065071105957],[70.9562530517581,24.9144096374514],[70.89430999755876,25.144058227539062],[70.67572021484375,25.38711357116705],[70.66079711914091,25.70112037658697],[70.39229583740251,25.664600372314567],[70.28526306152338,25.69893074035639],[70.10668182373058,25.924209594726562],[70.0860443115235,26.082149505615348],[70.17222595214844,26.248329162597713],[70.16773986816435,26.550743103027344],[70.06619262695318,26.599290847778377],[69.81536102294922,26.592157363891545],[69.51544952392607,26.740055084228516],[69.48387908935553,26.80763816833513],[69.51320648193376,27.016868591308537],[69.60060882568365,27.189397811889762],[70.01626586914068,27.55599594116211],[70.18078613281267,27.85514450073248],[70.36616516113298,28.00824928283697],[70.50983428955084,28.035543441772404],[70.58232116699224,28.002658843994254],[70.67210388183611,27.91431808471691],[70.67841339111345,27.839052200317383],[70.75766754150402,27.7172088623048],[70.8841705322265,27.69840049743658],[71.27295684814453,27.84192848205572],[71.64443206787138,27.86873054504406],[71.8963012695313,27.95684051513672],[71.9305725097658,28.12195014953636],[72.1844253540039,28.358005523681925],[72.28550720214838,28.618818283081055],[72.38996887207043,28.768014907837028],[72.9437561035158,29.029911041259822],[73.26341247558594,29.543161392212028],[73.38539886474615,29.9260196685791],[73.78721618652361,30.0664005279541],[73.96810913085949,30.184299468994254],[73.96393585205107,30.124380111694563],[73.89840698242205,30.053649902343807],[73.88849639892595,29.981779098511026],[73.88944244384783,29.97760963439964]]]}},{"type":"Feature","properties":{"name":"Sikkim"},"geometry":{"type":"Polygon","coordinates":[[[88.64525604248064,28.09912109375017],[88.66677093505854,28.074079513549975],[88.75108337402344,28.07331275939964],[88.8290557861331,28.015159606933878],[88.83625030517584,27.93200111389166],[88.88138580322283,27.89253044128418],[88.8466110229495,27.66889953613304],[88.76706695556669,27.5649604797365],[88.7833862304688,27.45555114746105],[88.81175994873064,27.402561187744197],[88.92237091064453,27.326320648193644],[88.90727233886747,27.28354072570812],[88.80110168457048,27.247579574585075],[88.78820037841803,27.185834884643555],[88.73253631591825,27.137350082397745],[88.69149780273443,27.178699493408317],[88.65645599365263,27.162401199340934],[88.55899047851591,27.188751220703125],[88.43194580078153,27.081609725952205],[88.30449676513678,27.128601074218864],[88.17899322509771,27.13471031188982],[88.15231323242216,27.111709594726562],[88.09266662597656,27.136278152465934],[88.07495117187517,27.200839996337834],[88.01696777343767,27.21887207031267],[88.06921386718767,27.33558082580595],[88.04941558837908,27.405216217041243],[88.08261871337896,27.426414489746094],[88.04633331298845,27.49576568603527],[88.14725494384783,27.665403366089095],[88.19992065429693,27.790529251098746],[88.1757202148438,27.820215225219954],[88.20392608642584,27.837314605712834],[88.12998199462902,27.881515502929688],[88.12390899658232,27.95092010498064],[88.38980102539091,27.978080749511946],[88.48311614990251,28.04558753967285],[88.53894805908232,28.03889083862316],[88.5544509887697,28.08483123779297],[88.6164627075197,28.10367965698265],[88.60746765136736,28.127550125122355],[88.6412429809572,28.101720809936467],[88.64525604248064,28.09912109375017]]]}},{"type":"Feature","properties":{"name":"Tamil Nadu"},"geometry":{"type":"MultiPolygon","coordinates":[[[[79.31236267089838,9.328472137451172],[79.33513641357428,9.311531066894474],[79.32597351074219,9.261804580688647],[79.43985748291021,9.158194541931152],[79.29875946044928,9.246809959411735],[79.21458435058594,9.254028320312727],[79.20513916015653,9.28042125701927],[79.31014251708984,9.328472137451172],[79.31236267089838,9.328472137451172]]],[[[79.52930450439459,9.384028434753702],[79.5291366577149,9.384028434753702],[79.52930450439459,9.38419723510765],[79.52930450439459,9.384028434753702]]],[[[79.5300903320313,9.385957717895451],[79.53013610839872,9.385693550109863],[79.5299835205081,9.385693550109863],[79.5300903320313,9.385957717895451]]],[[[79.52986145019548,9.388750076294002],[79.53013610839872,9.388750076294002],[79.53013610839872,9.388317108154467],[79.52993011474615,9.38863563537592],[79.52986145019548,9.388750076294002]]],[[[79.52986145019548,9.388750076294002],[79.52970886230474,9.388955116272086],[79.52967834472656,9.389115333557186],[79.52986145019548,9.389020919800032],[79.52986145019548,9.388750076294002]]],[[[79.52930450439459,9.389304161071891],[79.52958679199247,9.389310836792163],[79.52958679199247,9.389160156249943],[79.52930450439459,9.389304161071891]]],[[[79.52930450439459,9.389304161071891],[79.52894592285162,9.389602661132812],[79.52864837646513,9.389852523803825],[79.52930450439459,9.389860153198185],[79.52930450439459,9.389304161071891]]],[[[79.52864837646513,9.389852523803825],[79.52835845947271,9.39013767242426],[79.5287475585938,9.390140533447322],[79.52864837646513,9.389852523803825]]],[[[79.67736053466803,10.309861183166447],[79.68264007568376,10.305416107177734],[79.66958618164091,10.306530952453784],[79.67597198486328,10.309861183166447],[79.67736053466803,10.309861183166447]]],[[[80.07582092285168,13.526760101318416],[80.2506408691408,13.4596719741823],[80.29692077636747,13.381251335144327],[80.3168029785158,13.427359580993596],[80.32680511474615,13.367916107177791],[80.32569122314482,13.44319057464594],[80.3462524414063,13.291250228881893],[80.307357788086,13.216528892517147],[80.33264160156267,13.234029769897518],[80.26680755615229,13.013194084167424],[80.24208068847662,12.805416107177962],[80.23346710205095,12.838470458984375],[80.2537460327149,12.77818965911871],[80.18235778808611,12.577642440795898],[80.1657028198245,12.605141639709586],[80.18319702148443,12.571250915527344],[80.1551361083985,12.465139389038086],[80.0506973266601,12.325969696045036],[80.0559692382813,12.367639541626033],[80.01902770996122,12.341527938842773],[80.0143127441408,12.322641372680721],[80.06208038330084,12.352082252502441],[80.01040649414091,12.258751869201774],[79.94458007812506,12.220141410827637],[80.00680541992216,12.254583358764648],[79.83790588378906,11.943750381469727],[79.73356628417986,11.937299728393668],[79.74964904785162,11.986130714416731],[79.64441680908232,11.986271858215446],[79.68997955322294,11.975640296936263],[79.68414306640642,11.927220344543457],[79.71692657470703,11.87684154510498],[79.68065643310575,11.881941795349348],[79.74980926513678,11.860529899597282],[79.80069732666033,11.807640075683707],[79.75708007812506,11.567359924316406],[79.82707977294928,11.364860534668196],[79.81069183349615,11.372639656067122],[79.83763885498075,11.357920646667537],[79.84541320800793,11.242362022399902],[79.80568695068365,11.236530303955249],[79.84930419921892,11.232083320617733],[79.85485839843767,11.000694274902344],[79.84440612792974,10.975970268249512],[79.75260162353516,10.979891777038631],[79.70287322998053,10.945620536804142],[79.72688293457048,10.897451400756836],[79.80278778076189,10.87113189697277],[79.79113006591797,10.84570121765148],[79.84329223632818,10.812251091003532],[79.88291931152344,10.302921295166016],[79.74236297607428,10.276810646057243],[79.78624725341803,10.282917022705135],[79.7593078613283,10.313470840454215],[79.6393051147461,10.318749427795467],[79.63041687011724,10.362641334533976],[79.61347198486334,10.317360877990723],[79.55124664306646,10.312921524047795],[79.73818969726568,10.27903079986595],[79.52458190917974,10.30708217620878],[79.5873565673831,10.32958030700695],[79.54347229003912,10.347641944885424],[79.52291870117216,10.319020271301497],[79.45513153076178,10.33791923522972],[79.51097106933611,10.308751106262491],[79.38569641113287,10.31652927398676],[79.29486083984392,10.260416984558333],[79.2293090820313,10.14347171783453],[79.26625061035173,10.038750648498592],[79.15541839599626,9.932360649108944],[78.98097229003912,9.689030647277889],[78.89958190917997,9.49013996124279],[78.93486022949247,9.412078857421875],[79.02179718017584,9.327359199524153],[79.1865310668947,9.28125],[78.83597564697266,9.245417594909611],[78.83347320556658,9.268472671508732],[78.82985687255876,9.242638587951944],[78.71347045898438,9.19013977050787],[78.6579132080081,9.192084312439079],[78.65764617919928,9.159310340881461],[78.5801391601562,9.132361412048454],[78.4881973266601,9.128194808960131],[78.4904174804688,9.148200988769815],[78.36458587646513,9.090971946716422],[78.20903015136719,8.959310531616268],[78.16874694824236,8.88097190856945],[78.15708160400385,8.773471832275618],[78.19319152832048,8.766805648803711],[78.19930267333984,8.788471221923828],[78.22985839843756,8.749583244323787],[78.16929626464838,8.74374961853033],[78.12819671630865,8.653470993041992],[78.10485839843767,8.651530265808105],[78.09680175781278,8.58097171783453],[78.13597106933611,8.593750953674373],[78.10263824462896,8.591805458068904],[78.1256942749024,8.63708209991455],[78.13764190673828,8.590970993042049],[78.13041687011736,8.497078895568961],[78.06680297851568,8.422080039978141],[78.06791687011724,8.372361183166447],[77.80458068847685,8.247078895569018],[77.74430847167997,8.176811218261832],[77.57958221435564,8.13708305358898],[77.55097198486345,8.076805114746321],[77.3151397705081,8.12208366394043],[77.09097290039068,8.297082901000977],[77.14977264404325,8.321942329406738],[77.13537597656267,8.351740837097225],[77.21726226806646,8.49613952636713],[77.2321166992188,8.592119216918888],[77.18370819091808,8.748140335082951],[77.23986816406267,8.868061065673885],[77.14533233642584,9.027219772338924],[77.25229644775408,9.164951324462834],[77.33425140380854,9.431051254272575],[77.38391876220709,9.479090690612793],[77.35132598876959,9.588040351867676],[77.21466827392572,9.578801155090389],[77.15487670898443,9.608381271362362],[77.23398590087908,9.788519859313908],[77.21325683593756,9.8519802093507],[77.24088287353521,10.000130653381348],[77.19906616210955,10.070660591125545],[77.25914764404314,10.155350685119572],[77.25556945800787,10.225529670715389],[77.21720886230469,10.298000335693416],[77.13405609130865,10.32371997833252],[76.98726654052763,10.219940185546989],[76.90547943115229,10.224751472473145],[76.82676696777361,10.33026123046875],[76.81503295898466,10.401789665222282],[76.82244110107428,10.62738132476818],[76.8876571655274,10.743009567260742],[76.84342956542974,10.822500228881836],[76.76669311523438,10.881740570068303],[76.67487335205107,10.906401634216422],[76.6988372802735,11.02267169952404],[76.75477600097685,11.039199829101506],[76.70555877685575,11.136129379272518],[76.71791076660162,11.192400932312125],[76.466537475586,11.186090469360465],[76.54016876220714,11.292347908020076],[76.47286987304716,11.37534141540533],[76.24151611328153,11.504791259765568],[76.28588867187506,11.582951545715332],[76.36537170410173,11.591718673705998],[76.4298171997072,11.645090103149414],[76.53531646728533,11.677041053771916],[76.5967102050783,11.603380203247127],[76.84581756591814,11.611640930175781],[76.84137725830107,11.669771194458121],[76.89150238037121,11.770112037658635],[77.03026580810564,11.7783012390139],[77.10367584228516,11.715549468994368],[77.13459014892595,11.766410827636776],[77.24848175048845,11.800860404968375],[77.38189697265653,11.77616119384777],[77.44246673583984,11.806470870971623],[77.48439788818376,11.932399749755916],[77.61517333984403,11.934149742126465],[77.76844787597662,12.10559177398693],[77.67282104492188,12.181388854980469],[77.4749374389649,12.195829391479492],[77.48423004150408,12.26978969573969],[77.58616638183605,12.33630180358898],[77.620101928711,12.43809032440197],[77.57850646972662,12.507011413574446],[77.59552001953153,12.630431175232047],[77.73320007324224,12.671891212463493],[77.79949188232439,12.786858558654842],[77.79196166992199,12.839831352233887],[77.92900848388689,12.87477016448986],[77.91047668457031,12.819710731506461],[77.95522308349615,12.838709831237793],[77.99330139160173,12.81367111206066],[78.04202270507824,12.842101097107161],[78.18395996093778,12.76260852813715],[78.20324707031244,12.699009895324934],[78.34835815429716,12.623641014099121],[78.45140075683594,12.615751266479606],[78.50356292724615,12.713371276855526],[78.52015686035162,12.687007904052848],[78.54931640625006,12.700700759887809],[78.63566589355486,12.938340187072868],[78.80809020996111,13.077930450439453],[78.89010620117205,13.019829750061035],[78.91204071044939,13.06328201293968],[78.9952392578125,13.063040733337516],[79.13114929199247,13.016762733459416],[79.22635650634766,13.134610176086426],[79.35009765625028,13.125450134277287],[79.42690277099615,13.222740173339787],[79.40542602539091,13.28541088104248],[79.53887176513678,13.300921440124739],[79.60510253906278,13.267360687255916],[79.66590118408209,13.27327919006359],[79.68875122070312,13.207409858703556],[79.7518310546875,13.204779624938908],[79.72129058837919,13.272239685058821],[79.8973617553711,13.329489707946891],[80.00623321533232,13.515062332153377],[80.07276153564459,13.53392124176031],[80.07582092285168,13.526760101318416]]]]}},{"type":"Feature","properties":{"name":"Tripura"},"geometry":{"type":"Polygon","coordinates":[[[92.18519592285168,24.522872924804688],[92.2342681884765,24.500440597534293],[92.27308654785162,24.38845062255882],[92.21285247802746,24.24930953979515],[92.29660797119169,24.251729965209904],[92.32945251464838,24.19115066528326],[92.32198333740263,23.869810104370174],[92.27474975585955,23.84905815124523],[92.26850128173834,23.728610992431868],[92.22405242919928,23.65732002258295],[92.17945098876959,23.743181228637695],[92.07257080078142,23.644720077514705],[92.02312469482416,23.657964706421012],[91.96211242675781,23.727701187133732],[91.94230651855486,23.681808471679744],[91.97516632080084,23.482442855835018],[91.94181060791021,23.4691104888916],[91.94178009033209,23.43758964538597],[91.84735870361334,23.4002304077149],[91.77091217041021,23.263759613037166],[91.83550262451189,23.093910217285213],[91.78035736084001,23.06852912902832],[91.78504180908214,23.03170967102045],[91.72557830810541,22.989320755004996],[91.65213775634794,22.991950988769645],[91.61871337890636,22.944150924682674],[91.61196136474626,22.973350524902344],[91.58335113525408,22.96322059631342],[91.5488891601563,22.994762420654297],[91.52172088623064,23.13910293579113],[91.49742889404325,23.153310775756836],[91.51093292236334,23.182039260864258],[91.47424316406267,23.188837051391715],[91.48597717285185,23.212240219116154],[91.4190063476563,23.280221939086857],[91.38883972167974,23.179460525512752],[91.4219970703125,23.059249877929744],[91.35628509521513,23.09518623352062],[91.32154846191418,23.302169799804688],[91.29725646972656,23.32098007202154],[91.32560729980463,23.362310409546012],[91.29666900634783,23.35447120666504],[91.25377655029303,23.48971939086914],[91.20687866210943,23.51777076721197],[91.21801757812528,23.54836082458496],[91.16657257080095,23.598739624023438],[91.16127777099615,23.670600891113395],[91.19889068603521,23.646970748901367],[91.21006011962908,23.68755149841303],[91.15828704833996,23.691221237182617],[91.16043090820307,23.739429473876953],[91.22461700439459,23.740100860595817],[91.25760650634771,23.839651107788143],[91.23522186279297,23.928600311279297],[91.27626800537126,23.92624092102045],[91.28367614746111,23.983102798461914],[91.37819671630871,23.976879119873047],[91.39650726318371,24.051351547241268],[91.37542724609392,24.107530593872127],[91.59619903564459,24.080209732055664],[91.6403121948245,24.108360290527287],[91.66752624511724,24.230400085449332],[91.692398071289,24.159328460693473],[91.76119995117199,24.141582489013786],[91.74346923828153,24.247127532958984],[91.81555938720714,24.2089519500733],[91.84748840332048,24.22832107543951],[91.84175109863281,24.197719573974553],[91.90262603759783,24.137838363647575],[91.94185638427763,24.267578125000114],[91.92043304443365,24.335750579834098],[91.9571075439456,24.356250762939453],[91.99542999267607,24.32126045227045],[91.97409057617216,24.388639450073356],[92.1192092895509,24.383810043335018],[92.1727981567384,24.430891036987305],[92.15239715576183,24.50027084350586],[92.18150329589844,24.523019790649528],[92.18519592285168,24.522872924804688]]]}},{"type":"Feature","properties":{"name":"Uttar Pradesh"},"geometry":{"type":"Polygon","coordinates":[[[77.58467864990263,30.4087810516358],[77.63569641113287,30.410121917724894],[77.71077728271484,30.338760375976733],[77.93148040771501,30.246959686279354],[77.83853149414091,30.11227035522461],[77.78595733642595,30.099109649658203],[77.70316314697283,29.878450393676815],[77.76539611816412,29.775730133056754],[77.7620391845706,29.71178817749029],[77.81108093261747,29.672489166259993],[77.94943237304705,29.707662582397575],[77.97683715820307,29.614038467407283],[77.9485473632813,29.593429565429915],[77.98375701904314,29.588050842285213],[77.988021850586,29.545860290527344],[78.33174133300793,29.796180725097884],[78.47357940673828,29.748470306396598],[78.5612106323245,29.59373092651373],[78.68540954589872,29.513549804687614],[78.90714263916021,29.451831817627067],[78.86599731445324,29.393119812011776],[78.82392120361345,29.36844062805187],[78.8150024414063,29.385339736938477],[78.79133605957048,29.334999084472713],[78.7574081420899,29.349760055541992],[78.71385955810547,29.3173503875733],[78.8137817382812,29.25229072570812],[78.85383605957026,29.25921058654785],[78.89834594726562,29.154888153076286],[78.96035003662115,29.164600372314567],[79.02185058593778,29.118921279907454],[79.02614593505865,29.171960830688533],[79.11779022216825,29.133880615234375],[79.15827941894548,29.022878646850813],[79.2377471923831,29.006839752197322],[79.29892730712896,28.95311164855957],[79.3633880615235,28.966659545898665],[79.4026184082033,28.92904090881342],[79.4171218872072,28.85584259033226],[79.51013183593778,28.864700317382926],[79.5364532470706,28.892539978027628],[79.54821777343756,28.850049972534237],[79.66728210449247,28.850030899047965],[79.75977325439464,28.889530181884822],[79.8090133666995,28.85890960693382],[79.78336334228521,28.805419921875],[79.8494873046875,28.84538078308134],[79.87563323974626,28.81834030151373],[79.84648895263672,28.804960250854435],[79.90129089355474,28.802120208740234],[79.92951965332037,28.72651290893566],[79.97483062744158,28.716751098632983],[80.03124237060541,28.760559082031364],[80.03360748291021,28.805469512939737],[80.11980438232439,28.828729629516772],[80.25449371337896,28.756088256836165],[80.37332153320318,28.62902069091797],[80.43415832519537,28.63719940185547],[80.52161407470732,28.554214477539233],[80.50518798828153,28.665225982666072],[80.57919311523466,28.684524536132812],[80.59145355224626,28.647624969482422],[80.67246246337919,28.628295898437727],[80.80144500732422,28.52102851867687],[80.90960693359392,28.497793197632063],[80.91459655761736,28.459829330444563],[80.94422912597662,28.46833610534685],[80.9669723510745,28.437765121460075],[81.001449584961,28.453912734985295],[81.03121948242216,28.438415527343693],[81.02281951904308,28.410314559936808],[81.21511840820341,28.358215332031477],[81.2356567382813,28.287765502929688],[81.32601928710938,28.17547988891613],[81.30384063720703,28.16692924499523],[81.31945037841825,28.143178939819336],[81.38018798828125,28.155414581299112],[81.37521362304705,28.17542266845703],[81.44881439209001,28.160215377807674],[81.5075225830081,28.069812774658317],[81.70021057128923,27.988101959228743],[81.89902496337896,27.85479736328125],[81.9931182861331,27.92911529541027],[82.06928253173845,27.922153472900504],[82.4291763305664,27.688144683838175],[82.7099151611331,27.721698760986442],[82.75758361816435,27.58764457702665],[82.73961639404303,27.508569717407283],[82.92788696289091,27.501237869262695],[83.02532196044928,27.452398300170955],[83.17606353759794,27.455629348755053],[83.3175582885745,27.332666397094954],[83.39019012451178,27.375720977783487],[83.40857696533232,27.478868484497184],[83.64101409912115,27.45851516723627],[83.85850524902372,27.350961685180664],[83.82895660400419,27.32275962829584],[83.92359924316423,27.316431045532227],[83.90762329101568,27.248029708862305],[83.95448303222656,27.23504066467308],[83.98512268066418,27.181762695312727],[83.94034576416044,27.1023006439209],[84.02072143554688,27.095481872558594],[83.99076080322283,27.068590164184855],[84.03125762939459,27.046461105346737],[84.04737854003906,26.90621948242199],[84.09262084960955,26.877830505371037],[84.14083862304688,26.88758087158203],[84.15727996826189,26.836360931396484],[84.24109649658214,26.86243057250988],[84.23398590087896,26.739530563354492],[84.30664825439459,26.73957061767578],[84.32334136962919,26.688478469848576],[84.40479278564447,26.6427516937257],[84.27741241455095,26.600738525390625],[84.08177947998053,26.642860412597656],[84.07914733886724,26.59435081481928],[84.03082275390642,26.535551071167106],[83.90084075927763,26.513711929321403],[83.9022827148438,26.450250625610295],[84.01098632812517,26.448459625244197],[84.07721710205084,26.38396263122553],[84.16723632812506,26.3602294921875],[84.16761779785162,26.264020919799805],[84.11295318603544,26.261920928955135],[84.08014678955107,26.224420547485295],[84.010482788086,26.238790512085075],[84.02359008789068,26.20092010498047],[84.00211334228544,26.19013977050804],[84.04223632812517,26.11162185668951],[84.11605072021501,26.074880599975813],[84.1724395751956,25.99879074096691],[84.30310821533232,25.94639015197754],[84.34880065917974,25.95998191833496],[84.42417144775396,25.89833831787115],[84.53164672851562,25.87272071838379],[84.54425048828142,25.82998085021967],[84.62021636962896,25.794090270996094],[84.60318756103533,25.75757026672369],[84.62989807128923,25.733110427856445],[84.59552001953153,25.739110946655273],[84.55639648437528,25.688570022583065],[84.5304718017581,25.724620819091854],[84.50576782226568,25.68226051330589],[84.33129119873053,25.74457168579096],[84.29013061523466,25.66283035278326],[84.1995086669923,25.672349929809627],[84.13511657714844,25.73163032531744],[84.0828933715822,25.71269035339361],[84.0796966552735,25.65273094177246],[83.80671691894531,25.458509445190373],[83.83837127685564,25.4368896484375],[83.69277954101557,25.39377021789545],[83.62477111816412,25.33493804931652],[83.40927124023443,25.249280929565373],[83.34121704101591,25.185550689697266],[83.35375976562506,25.110372543335075],[83.31607055664091,25.02733993530279],[83.34619903564482,24.995960235595703],[83.38849639892584,24.791540145874023],[83.4798431396485,24.737831115722656],[83.51370239257812,24.681150436401367],[83.49704742431669,24.659219741821403],[83.54171752929682,24.62455940246582],[83.51793670654314,24.554941177368164],[83.39212799072277,24.497110366821232],[83.38423919677734,24.461400985717773],[83.45144653320324,24.36700057983421],[83.385307312012,24.32034111022955],[83.40188598632841,24.266000747680664],[83.34900665283209,24.12643814086914],[83.19313049316412,23.926900863647575],[83.1343765258789,23.894550323486555],[82.9388198852539,23.875869750976562],[82.8077774047851,23.963058471679688],[82.78990173339861,24.006771087646598],[82.74588775634771,24.013111114501953],[82.75492095947294,24.073240280151367],[82.66519927978521,24.151121139526424],[82.72036743164074,24.138990402221793],[82.76413726806658,24.292430877685604],[82.75446319580084,24.37951087951666],[82.71286010742193,24.375209808349666],[82.71414947509783,24.536199569702205],[82.78093719482439,24.546068191528377],[82.78542327880888,24.599510192871094],[82.74312591552734,24.64406967163086],[82.70207214355497,24.64211273193365],[82.6655502319336,24.6998615264892],[82.54425811767584,24.654878616333008],[82.44484710693376,24.69637107849121],[82.401596069336,24.683799743652287],[82.4008178710938,24.59869956970215],[82.30940246582031,24.612939834594727],[82.26336669921886,24.68641090393072],[82.23509979248053,24.66591072082514],[82.24659729003935,24.759761810302848],[82.1951293945312,24.73994064331066],[82.19126892089855,24.81772041320812],[82.16323852539091,24.795770645141715],[82.00489044189459,24.850690841674805],[81.95717620849615,24.832130432128963],[81.89879608154297,24.899320602416992],[81.89997100830084,25.00724029541027],[81.79165649414068,25.010009765625],[81.653076171875,25.075031280517635],[81.60324859619169,25.06435966491705],[81.62930297851568,25.09972953796398],[81.59211730957037,25.136381149291992],[81.61892700195307,25.149089813232365],[81.5716629028322,25.192951202392692],[81.50956726074224,25.187030792236442],[81.5184631347658,25.142547607421875],[81.47204589843778,25.133039474487532],[81.50701904296892,25.105321884155273],[81.48515319824224,25.07757949829096],[81.331039428711,25.16955757141136],[81.31466674804716,25.11629104614252],[81.30638885498053,25.165992736816406],[81.26911926269526,25.167739868164062],[81.26158905029303,25.068460464477596],[81.2038192749024,24.997552871704215],[81.21098327636736,24.932590484619254],[81.15956115722662,24.954732894897575],[81.13244628906256,24.89207077026373],[81.08120727539091,24.950210571289176],[80.98101043701178,24.929660797119368],[80.94249725341803,24.971139907836914],[80.90004730224604,24.9395809173584],[80.82081604003912,24.936590194702205],[80.79164123535162,24.96391105651867],[80.84818267822266,24.99814033508312],[80.82911682128923,25.029979705810604],[80.90492248535162,25.1603107452392],[80.86315155029303,25.18921089172386],[80.83628082275402,25.192680358886662],[80.82769775390636,25.110309600830135],[80.79786682128923,25.146240234375227],[80.69963836669939,25.137149810791016],[80.77961730957037,25.07786941528343],[80.76595306396479,25.06114006042486],[80.6746597290039,25.060199737548942],[80.6682891845706,25.086751937866325],[80.62004089355463,25.089580535888615],[80.6013565063476,25.104408264160156],[80.62496185302763,25.137670516967887],[80.59960937500028,25.15546989440918],[80.6073074340822,25.07308006286621],[80.4803085327149,25.101579666137695],[80.49997711181646,25.089559555053768],[80.48314666748064,25.047250747680664],[80.44428253173834,25.081291198730412],[80.364067077637,25.047719955444336],[80.38218688964872,25.009740829467773],[80.27849578857439,25.021648406982536],[80.28195953369146,25.063220977783317],[80.41812896728521,25.191921234131087],[80.30404663085955,25.288892745971737],[80.3112106323245,25.381099700927734],[80.26123046875028,25.4261798858642],[80.19143676757841,25.41271018981945],[80.12329864501959,25.338430404663143],[80.0126571655274,25.330110549926758],[79.99672698974604,25.268650054931754],[79.84523010253918,25.236551284790153],[79.87210083007818,25.15030288696289],[79.84921264648443,25.096981048584098],[79.74563598632818,25.143882751464844],[79.60514831542963,25.132230758666992],[79.56552124023455,25.177551269531307],[79.49112701416033,25.084882736206055],[79.46951293945341,25.13404083251976],[79.3931732177735,25.116149902343864],[79.38006591796903,25.15372085571289],[79.40421295166021,25.19441032409668],[79.45919036865263,25.269451141357365],[79.49040222167974,25.27034950256342],[79.40122222900419,25.262359619140625],[79.37256622314459,25.293319702148494],[79.35829925537138,25.263519287109432],[79.33104705810575,25.29277992248558],[79.34458923339872,25.334449768066406],[79.30930328369169,25.338569641113395],[79.25601196289068,25.29171943664545],[79.26877593994146,25.266460418701172],[79.34452819824224,25.264299392700195],[79.34337615966803,25.209989547729435],[79.27855682373058,25.247829437255916],[79.30322265625,25.133329391479492],[79.26007080078153,25.122100830078068],[79.25599670410162,25.15728187561035],[79.22518157959013,25.158170700073242],[79.23488616943388,25.117460250854606],[79.18768310546892,25.150922775268555],[79.16887664794933,25.111860275268782],[79.13337707519537,25.111061096191406],[79.08722686767584,25.18783950805664],[79.02176666259771,25.143190383911133],[79.05644226074236,25.225709915161246],[79.01431274414062,25.27103042602539],[78.9867706298831,25.274959564209098],[78.97231292724626,25.242830276489315],[78.99500274658203,25.232280731201172],[78.98774719238281,25.196779251098633],[78.92423248291016,25.210599899291992],[78.87393188476562,25.16327095031761],[78.87587738037115,25.255769729614485],[78.96469879150408,25.28387069702154],[78.94581604003923,25.347259521484432],[78.876518249512,25.34445953369152],[78.83505249023443,25.233200073242244],[78.8069915771485,25.30297088623047],[78.78692626953142,25.294940948486385],[78.89055633544928,25.38883018493658],[78.94935607910185,25.400159835815373],[78.89245605468756,25.375297546386776],[78.91715240478544,25.359991073608455],[78.97580718994146,25.388690948486328],[78.9702224731447,25.420459747314567],[78.91340637207048,25.452060699462947],[78.93074035644548,25.55972099304205],[78.88109588623075,25.56019020080589],[78.82832336425798,25.509981155395508],[78.85369873046892,25.452301025390625],[78.83097839355486,25.432031631469783],[78.83590698242182,25.459989547729606],[78.7393188476563,25.499879837036133],[78.72464752197271,25.463308334350586],[78.81291198730474,25.430427551269588],[78.74938201904297,25.417560577392805],[78.7562866210938,25.357509613037166],[78.65592956542974,25.39217185974121],[78.65367889404303,25.416810989379996],[78.69983673095709,25.432300567627067],[78.68168640136724,25.447401046753043],[78.56862640380865,25.396190643310604],[78.56204986572283,25.347951889038086],[78.52806091308588,25.365880966186523],[78.51872253417963,25.305812835693416],[78.44059753417974,25.3041610717774],[78.4287109375,25.28083038330078],[78.55702209472685,25.269329071044922],[78.60555267334001,25.094221115112248],[78.64192962646479,25.0614910125733],[78.62204742431652,24.964900970458984],[78.67543029785162,24.898540496826172],[78.76448059082037,24.861368179321403],[78.7519912719726,24.602462768554915],[78.862808227539,24.64112091064453],[78.89144134521501,24.6220703125],[78.96340942382818,24.502040863037337],[78.90808105468756,24.493160247802678],[78.9085922241211,24.466770172119197],[78.9865112304688,24.434030532836914],[78.96488189697283,24.350442886352482],[78.9077606201173,24.301231384277344],[78.87886047363298,24.22305107116705],[78.81352233886724,24.210279464721737],[78.80570983886724,24.184299468994197],[78.75668334960943,24.259729385376033],[78.7458877563476,24.239271163940487],[78.67311096191412,24.244350433349837],[78.5192260742188,24.387350082397404],[78.49819183349615,24.392780303955192],[78.40695190429682,24.2770099639892],[78.32852172851591,24.325500488281307],[78.3625717163086,24.378150939941634],[78.26030731201189,24.460010528564453],[78.21839904785162,24.535690307617244],[78.25531768798822,24.552299499511946],[78.26789855957026,24.663520812988338],[78.21836853027361,24.791919708251953],[78.16532897949236,24.84817123413086],[78.16470336914091,24.878299713134766],[78.32753753662115,24.99955940246582],[78.33265686035162,25.093242645263672],[78.43097686767572,25.124481201171932],[78.41882324218767,25.151090621948242],[78.44198608398449,25.15735054016136],[78.38427734375017,25.199331283569336],[78.29551696777372,25.374799728393555],[78.34378814697294,25.446178436279524],[78.4194793701173,25.49054145812994],[78.40997314453153,25.537719726562443],[78.4335327148438,25.565240859985295],[78.58119201660162,25.564308166503963],[78.60573577880876,25.588872909545955],[78.64862060546875,25.565639495849723],[78.79454803466814,25.617549896240178],[78.80938720703153,25.67807006835949],[78.74681854248075,25.749090194702205],[78.82408142089838,25.807609558105412],[78.80046081542986,25.812879562378043],[78.81582641601574,25.831140518188477],[78.85594940185547,25.7944393157959],[78.8664627075197,25.82962989807129],[78.84397888183611,25.84531021118164],[78.88371276855474,25.8764705657959],[78.87638092041033,25.91566085815424],[78.92952728271513,25.949359893798885],[78.94618988037126,26.031072616577262],[79.00437927246111,26.090080261230412],[78.94438934326183,26.137519836425838],[79.00092315673845,26.160261154174805],[78.98403930664068,26.200670242309798],[79.05705261230474,26.232891082763672],[79.03793334960955,26.262870788574332],[79.12658691406244,26.31603050231945],[79.13257598876959,26.342760086059627],[79.07679748535185,26.362691879272518],[79.124008178711,26.445520401000977],[79.04707336425781,26.46142005920416],[79.06114196777372,26.490959167480582],[78.97962188720709,26.57407951354992],[79.00520324707037,26.614137649536133],[78.99124908447271,26.68444061279297],[78.93791198730497,26.66269111633312],[78.94991302490246,26.691940307617244],[78.87708282470732,26.703540802002067],[78.72142791748075,26.79771041870123],[78.57521057128923,26.75599288940441],[78.45078277587919,26.798051834106673],[78.42587280273455,26.83231925964361],[78.3855972290039,26.82793998718273],[78.34120178222673,26.873950958251953],[78.29470062255865,26.868289947509993],[78.26088714599626,26.82094955444336],[78.19689178466808,26.872121810913086],[78.25953674316423,26.91621971130394],[78.22339630126959,26.945079803466797],[78.11134338378923,26.953231811523438],[78.098617553711,26.90397262573265],[78.05248260498053,26.914882659912223],[78.01635742187517,26.863819122314453],[78.01629638671903,26.90497970581066],[77.89692687988276,26.92000007629406],[77.8821411132813,26.89603996276867],[77.77348327636747,26.936269760131893],[77.6085357666015,26.83451080322294],[77.51201629638666,26.827989578247127],[77.5066680908206,26.847381591796932],[77.48635864257818,26.761011123657227],[77.42726898193365,26.776092529296932],[77.42347717285185,26.857620239257812],[77.48246765136719,26.90377998352062],[77.74768066406256,27.017629623413086],[77.72648620605474,27.03153991699247],[77.7085800170899,27.00110244750988],[77.68430328369158,27.044919967651367],[77.624252319336,27.01689910888672],[77.56067657470703,27.035650253296012],[77.56844329834013,27.072481155395508],[77.52654266357439,27.066509246826286],[77.49903106689482,27.095840454101506],[77.58342742919928,27.120681762695483],[77.62252044677734,27.174989700317496],[77.6654129028322,27.186149597168196],[77.5983276367188,27.29635047912592],[77.61036682128912,27.344392776489542],[77.57273864746094,27.330089569091854],[77.44326019287115,27.393329620361328],[77.38955688476591,27.505422592163143],[77.33513641357428,27.530021667480526],[77.33654785156244,27.696180343628043],[77.30235290527355,27.713211059570426],[77.30414581298845,27.78800964355463],[77.27934265136719,27.811981201171932],[77.33933258056646,27.85959053039545],[77.40377807617193,27.85824012756359],[77.41423034667986,27.896520614624023],[77.44584655761719,27.878408432006836],[77.46845245361334,27.931880950927848],[77.5192108154298,27.931880950927848],[77.5359191894533,27.96554946899414],[77.50958251953142,27.973331451416016],[77.5352172851563,27.99333000183117],[77.46887207031278,28.086011886596737],[77.53018951416033,28.19294929504406],[77.49211883544928,28.18510055541998],[77.54120635986322,28.24774169921875],[77.46730041503912,28.269720077514762],[77.49273681640653,28.28063011169428],[77.47455596923834,28.413511276245174],[77.3030624389649,28.55045127868658],[77.29490661621105,28.58242988586437],[77.33708190917997,28.62190055847168],[77.3135833740235,28.643201828003214],[77.3216781616211,28.711830139160213],[77.28365325927746,28.71898269653326],[77.19461059570341,28.815362930297795],[77.21147155761736,28.854930877685547],[77.1780395507812,28.88556289672863],[77.21687316894537,28.90034294128418],[77.19078826904325,28.946861267089957],[77.20790863037115,28.991060256958008],[77.12441253662138,29.11346054077154],[77.15001678466797,29.331691741943473],[77.11884307861334,29.36195945739763],[77.13774871826183,29.446590423583984],[77.08680725097662,29.596469879150334],[77.13987731933622,29.700229644775334],[77.11828613281261,29.775550842285213],[77.16903686523466,29.82958030700695],[77.18689727783209,29.917480468750227],[77.27040863037126,30.048339843750057],[77.41419219970703,30.11111068725586],[77.41142272949224,30.14969062805187],[77.57386779785173,30.318910598754996],[77.58436584472673,30.409980773925838],[77.58467864990263,30.4087810516358]]]}},{"type":"Feature","properties":{"name":"Uttaranchal"},"geometry":{"type":"Polygon","coordinates":[[[79.19477844238287,31.353622436523438],[79.24809265136713,31.296619415283317],[79.23287200927751,31.26194190979004],[79.2722930908206,31.230939865112305],[79.29962158203142,31.149240493774585],[79.37918853759766,31.12034988403343],[79.4130859375,31.037551879882926],[79.50125885009766,31.03914070129389],[79.53112030029325,30.974100112914982],[79.58724212646501,30.943090438842887],[79.73808288574213,31.00609970092796],[79.85202789306646,30.98023986816412],[79.91504669189482,30.892219543456974],[80.04411315917974,30.843999862670955],[80.10314941406244,30.779670715332315],[80.15673828125028,30.812540054321232],[80.19045257568371,30.763811111450423],[80.22281646728521,30.76523017883312],[80.23729705810564,30.737699508666992],[80.18121337890642,30.674819946289062],[80.21573638916033,30.579040527343693],[80.40222930908197,30.530458450317553],[80.52648925781256,30.45430946350109],[80.57942199707026,30.488798141479492],[80.73748779296903,30.39813995361351],[80.81128692626959,30.31998062133789],[81.01999664306669,30.25068283081049],[80.90931701660162,30.221115112304744],[80.86457061767572,30.168895721435547],[80.88048553466803,30.132497787475756],[80.76293182373064,30.049491882324276],[80.7493972778322,30.00662994384777],[80.6779174804688,29.958114624023665],[80.59215545654325,29.948444366455305],[80.55451202392584,29.84923744201683],[80.49721527099604,29.797414779663086],[80.43659210205095,29.80449295043951],[80.36972045898443,29.750616073608512],[80.42281341552763,29.630214691162223],[80.40946960449213,29.594886779785156],[80.2884368896485,29.47722053527849],[80.30422210693376,29.453079223633097],[80.24481964111357,29.444505691528548],[80.31813812255876,29.315639495849666],[80.29529571533209,29.197624206543196],[80.25036621093778,29.220695495605696],[80.27079772949247,29.140531539916992],[80.23501586914062,29.11841583251953],[80.186019897461,29.137315750122013],[80.14602661132841,29.103000640869254],[80.13732147216814,29.007310867309798],[80.06713867187517,28.927316665649357],[80.0702514648438,28.82963943481451],[79.97483062744158,28.716751098632983],[79.92951965332037,28.72651290893566],[79.90129089355474,28.802120208740234],[79.84648895263672,28.804960250854435],[79.87563323974626,28.8183403015139],[79.8494873046875,28.84538078308134],[79.78336334228521,28.805419921875],[79.8090133666995,28.85890960693382],[79.774467468262,28.891830444335938],[79.65946960449247,28.84773063659668],[79.61904144287138,28.867580413818587],[79.55359649658214,28.845050811767635],[79.5364532470706,28.892539978027628],[79.51013183593778,28.864700317382926],[79.40876770019537,28.858011245727596],[79.4026184082033,28.92904090881342],[79.3633880615235,28.966659545898665],[79.29892730712896,28.95311164855957],[79.211166381836,29.023700714111328],[79.15827941894548,29.022878646850813],[79.11779022216825,29.133880615234375],[79.02614593505865,29.171960830688533],[79.02185058593778,29.118921279907454],[78.96232604980497,29.16681098937994],[78.89504241943354,29.15681076049816],[78.89103698730463,29.216472625732536],[78.850601196289,29.262229919433594],[78.8137817382812,29.25229072570812],[78.71385955810547,29.3173503875733],[78.7574081420899,29.349760055541992],[78.79791259765653,29.338319778442496],[78.80898284912138,29.382879257202262],[78.83436584472685,29.369670867920036],[78.91979217529325,29.46014976501465],[78.77474975585938,29.480939865112305],[78.60524749755865,29.56179809570324],[78.52735900878923,29.62436294555681],[78.47357940673828,29.748470306396598],[78.33174133300793,29.796180725097884],[78.23139953613287,29.704090118408374],[78.13912200927763,29.67609977722185],[78.08206176757818,29.60181045532221],[78.04393005371105,29.593070983886832],[78.03688049316435,29.552629470825252],[77.988021850586,29.545860290527344],[77.98375701904314,29.588050842285213],[77.9472885131836,29.59043121337902],[77.97683715820307,29.614038467407283],[77.94943237304705,29.707662582397575],[77.82897186279308,29.66933059692377],[77.79251861572271,29.681921005249137],[77.70326232910162,29.8676700592041],[77.78595733642595,30.099109649658203],[77.83853149414091,30.11227035522461],[77.93148040771501,30.246959686279354],[77.71077728271484,30.338760375976733],[77.63569641113287,30.410121917724894],[77.56288146972662,30.417079925537166],[77.81064605712896,30.533180236816634],[77.80323791503935,30.563779830932788],[77.72952270507812,30.5983829498291],[77.78199005126959,30.619358062744425],[77.7770614624024,30.665588378906364],[77.73657989501953,30.682849884033317],[77.68828582763689,30.76866912841797],[77.7403869628908,30.827669143676758],[77.7417831420899,30.87828063964872],[77.78893280029325,30.864959716796875],[77.79561614990263,30.923799514770508],[77.75219726562517,30.920959472656307],[77.7345733642581,30.959569931030273],[77.7638778686524,30.976989746093807],[77.81714630126964,30.953569412231502],[77.79641723632812,30.969820022583235],[77.82533264160162,31.008132934570426],[77.80060577392572,31.06208038330101],[77.88748931884771,31.154701232910156],[77.94602203369146,31.176170349121207],[78.01654815673845,31.15850067138672],[78.02995300292974,31.185310363769588],[78.23764801025396,31.23979949951172],[78.29836273193371,31.288209915161246],[78.36335754394537,31.290100097656193],[78.47010803222673,31.203750610351562],[78.60060119628923,31.235851287841797],[78.65067291259794,31.19785118103033],[78.79503631591808,31.205039978027344],[78.86225128173828,31.11240959167486],[78.94211578369169,31.105028152465877],[78.99669647216791,31.117589950561637],[78.97187042236357,31.182371139526424],[78.90991210937494,31.233888626098633],[78.92537689208984,31.331760406494254],[78.9916076660158,31.364030838012752],[79.0451965332033,31.468120574951286],[79.12964630126947,31.43807983398449],[79.19422149658209,31.354959487915153],[79.19477844238287,31.353622436523438]]]}},{"type":"Feature","properties":{"name":"West Bengal"},"geometry":{"type":"MultiPolygon","coordinates":[[[[88.018608093262,21.57277870178217],[88.02054595947294,21.566669464111612],[88.01583099365251,21.5816707611084],[88.018608093262,21.57333183288597],[88.018608093262,21.57277870178217]]],[[[88.49771118164068,21.599754333496378],[88.53388977050781,21.57806015014654],[88.53138732910173,21.54249954223627],[88.48170471191435,21.554725646972713],[88.49714660644543,21.600090026855526],[88.49771118164068,21.599754333496378]]],[[[88.83472442626959,21.607221603393725],[88.90361022949247,21.55583381652832],[88.84278106689482,21.553888320922795],[88.8341674804688,21.607221603393725],[88.83472442626959,21.607221603393725]]],[[[88.72885131835943,21.637081146240348],[88.75718688964844,21.598979949951172],[88.73583221435564,21.571672439575195],[88.70720672607416,21.594221115112248],[88.7287902832033,21.637582778930778],[88.72885131835943,21.637081146240348]]],[[[88.53721618652372,21.638620376586914],[88.58750152587896,21.601942062378157],[88.5500030517581,21.56361007690458],[88.55666351318388,21.604446411132812],[88.51000213623064,21.602220535278548],[88.5243759155274,21.65320014953619],[88.53671264648455,21.638889312744368],[88.53721618652372,21.638620376586914]]],[[[88.77194213867193,21.653062820434513],[88.79805755615234,21.591665267944563],[88.75194549560553,21.576665878296012],[88.72956848144548,21.639949798583928],[88.77201843261747,21.65334701538086],[88.77194213867193,21.653062820434513]]],[[[88.96576690673834,21.64153480529808],[88.9913864135745,21.64356994628929],[88.99250030517607,21.6166667938233],[88.95591735839838,21.61756706237793],[88.9552078247072,21.67709159851097],[88.96547698974626,21.641792297363452],[88.96576690673834,21.64153480529808]]],[[[88.57688140869169,21.691734313964787],[88.60221862792974,21.620557785034123],[88.55397796630865,21.63953018188505],[88.57663726806646,21.69211959838873],[88.57688140869169,21.691734313964787]]],[[[88.98448944091825,21.70568847656267],[88.98790740966808,21.65298080444336],[89.02275848388678,21.654026031494425],[89.0287628173831,21.60482215881342],[89.00000000000017,21.601671218872298],[88.99236297607422,21.64414024353033],[88.96401977539068,21.645740509033203],[88.95084381103521,21.700721740722827],[88.98384094238287,21.705320358276595],[88.98448944091825,21.70568847656267]]],[[[88.80665588378912,21.70667266845703],[88.79694366455084,21.655277252197266],[88.7305526733399,21.68472099304222],[88.80610656738287,21.70667266845703],[88.80665588378912,21.70667266845703]]],[[[88.31108093261736,21.7063503265382],[88.35807037353521,21.647500991821403],[88.31527709960955,21.608055114746094],[88.31051635742205,21.706380844116154],[88.31108093261736,21.7063503265382]]],[[[88.45403289794928,21.709341049194563],[88.47068786621088,21.672990798950423],[88.44223022460966,21.61499977111839],[88.41855621337896,21.68256950378418],[88.4533233642581,21.709424972534123],[88.45403289794928,21.709341049194563]]],[[[88.69712066650408,21.712879180908203],[88.75137329101568,21.648719787597884],[88.72289276123064,21.638620376586914],[88.6870422363283,21.6833305358889],[88.6969299316408,21.71303939819336],[88.69712066650408,21.712879180908203]]],[[[88.20450592041021,21.721181869506893],[88.19555664062506,21.68194389343273],[88.23166656494169,21.64361000061058],[88.21194458007818,21.601667404174748],[88.18138885498064,21.686109542846964],[88.2042465209961,21.72146987915039],[88.20450592041021,21.721181869506893]]],[[[89.05920410156256,21.721803665161133],[89.09503936767584,21.64396095275879],[89.05158996582037,21.61753082275402],[89.00979614257818,21.704870223999194],[89.05905914306669,21.722003936767578],[89.05920410156256,21.721803665161133]]],[[[88.97799682617216,21.72687530517578],[89.02052307128918,21.713550567627067],[89.00775909423857,21.652221679687614],[88.97775268554693,21.726961135864485],[88.97799682617216,21.72687530517578]]],[[[88.54566955566423,21.73612976074247],[88.59069824218767,21.690628051757812],[88.54301452636736,21.723913192749137],[88.57420349121105,21.69402694702154],[88.55278015136724,21.70277976989763],[88.55091857910162,21.636489868164062],[88.51724243164062,21.71084022521984],[88.54520416259771,21.736196517944336],[88.54566955566423,21.73612976074247]]],[[[88.88305664062494,21.745279312134016],[88.94027709960932,21.695278167724553],[88.92082977294916,21.632221221924055],[88.87305450439459,21.694444656372184],[88.88223266601568,21.745279312134016],[88.88305664062494,21.745279312134016]]],[[[88.41233825683594,21.731260299682845],[88.431938171387,21.62735939025879],[88.39861297607439,21.595556259155217],[88.37972259521484,21.6808319091798],[88.40354156494169,21.71667289733881],[88.36863708496122,21.727340698242244],[88.39499664306658,21.755001068115234],[88.41192626953153,21.731769561767578],[88.41233825683594,21.731260299682845]]],[[[88.2209091186524,21.762149810791072],[88.2720031738283,21.75440597534174],[88.26206970214861,21.730173110961914],[88.31027984619135,21.67638969421415],[88.29166412353521,21.56305313110363],[88.24833679199236,21.563888549804744],[88.21639251709013,21.61638832092291],[88.23332977294928,21.66805648803711],[88.19777679443376,21.689168930053995],[88.22038269042974,21.700029373168945],[88.22016906738287,21.762207031250227],[88.2209091186524,21.762149810791072]]],[[[88.92710113525419,21.761949539184684],[88.98748016357428,21.74472045898466],[88.98332977294933,21.70583152771013],[88.92278289794939,21.719707489013842],[88.92663574218756,21.762004852295036],[88.92710113525419,21.761949539184684]]],[[[88.36538696289091,21.76416587829584],[88.36528015136719,21.72221946716303],[88.39805603027361,21.713333129882812],[88.3605575561524,21.68638992309593],[88.33750915527372,21.710769653320597],[88.36511993408209,21.764173507690373],[88.36538696289091,21.76416587829584]]],[[[89.00511932373075,21.764976501464787],[89.0592803955081,21.72591972351097],[89.01741027832037,21.717779159546183],[89.00478363037126,21.764986038208292],[89.00511932373075,21.764976501464787]]],[[[88.83167266845709,21.76610946655296],[88.86528015136747,21.758611679077262],[88.839164733887,21.70694351196289],[88.85995483398466,21.637226104736385],[88.82861328125006,21.65055465698265],[88.84583282470732,21.62000083923357],[88.80889892578142,21.638790130615348],[88.81500244140642,21.710000991821346],[88.7625122070312,21.70137023925787],[88.83129119873053,21.765737533569336],[88.83167266845709,21.76610946655296]]],[[[88.58222198486357,21.777780532837028],[88.61637115478544,21.727626800537166],[88.57971954345709,21.72583961486839],[88.58167266845732,21.777780532837028],[88.58222198486357,21.777780532837028]]],[[[88.30249023437517,21.72456169128418],[88.29727935791044,21.70560073852539],[88.2780303955081,21.72817039489746],[88.28890991210966,21.778484344482422],[88.30267333984392,21.72505187988287],[88.30249023437517,21.72456169128418]]],[[[88.99967193603521,21.78546905517601],[89.00428009033209,21.71607208251976],[88.95111083984403,21.757778167724894],[88.99931335449224,21.78557968139654],[88.99967193603521,21.78546905517601]]],[[[88.60972595214872,21.790279388427905],[88.63083648681646,21.742500305175952],[88.60888671875006,21.70805549621582],[88.62305450439482,21.736665725708008],[88.58625030517607,21.7565975189209],[88.6094360351563,21.790000915527344],[88.60972595214872,21.790279388427905]]],[[[88.45861053466803,21.788650512695483],[88.4672164916995,21.737220764160384],[88.4331359863283,21.704481124877873],[88.42336273193388,21.767724990844897],[88.45807647705107,21.788837432861555],[88.45861053466803,21.788650512695483]]],[[[88.71620178222673,21.80738067626953],[88.77665710449236,21.721109390259073],[88.73586273193376,21.719291687011946],[88.76275634765642,21.692930221557674],[88.72929382324247,21.686756134033203],[88.74804687500017,21.65833091735857],[88.69499969482416,21.7438907623291],[88.71560668945312,21.807291030884016],[88.71620178222673,21.80738067626953]]],[[[88.54457092285156,21.810319900512923],[88.57221984863298,21.787782669067383],[88.57250213623075,21.735555648803654],[88.51944732666021,21.719165802001953],[88.50438690185553,21.75741004943842],[88.53528594970709,21.792020797729435],[88.50417327880865,21.77082824707037],[88.54342651367188,21.810590744018555],[88.54457092285156,21.810319900512923]]],[[[88.42180633544933,21.81109046936041],[88.44268798828142,21.799650192260685],[88.42276000976574,21.71982002258295],[88.38265991210943,21.779100418091105],[88.42150878906267,21.811115264892578],[88.42180633544933,21.81109046936041]]],[[[88.99957275390653,21.811670303344954],[89.02373504638678,21.759050369262752],[88.99880981445341,21.766941070556925],[88.99909973144537,21.811918258666992],[88.99957275390653,21.811670303344954]]],[[[88.75063323974621,21.79540061950712],[88.72833251953153,21.779722213745345],[88.75063323974621,21.8142147064209],[88.7505111694336,21.796079635620117],[88.75063323974621,21.79540061950712]]],[[[88.8280792236331,21.804029464721623],[88.83027648925798,21.76666450500511],[88.7908325195313,21.750009536743164],[88.82167053222673,21.822900772094954],[88.82833099365234,21.804279327392805],[88.8280792236331,21.804029464721623]]],[[[88.78749847412104,21.745000839233455],[88.75666046142595,21.73340988159174],[88.74975585937517,21.769649505615178],[88.78210449218761,21.82519340515148],[88.78768157959013,21.745019912719897],[88.78749847412104,21.745000839233455]]],[[[88.91583251953153,21.825834274291992],[88.93723297119135,21.816669464111385],[88.89778137207048,21.75194358825695],[88.90693664550798,21.7941703796389],[88.88305664062494,21.80805778503435],[88.91361236572283,21.825834274291992],[88.91583251953153,21.825834274291992]]],[[[88.48487854003912,21.834690093994084],[88.49884796142584,21.810319900512923],[88.45661163330095,21.80230903625511],[88.48435211181646,21.834720611572436],[88.48487854003912,21.834690093994084]]],[[[88.94139099121122,21.84722137451172],[88.97666931152372,21.820556640625],[88.94027709960932,21.79305458068859],[88.95888519287115,21.770833969116325],[88.91416931152361,21.755559921264762],[88.93944549560553,21.84722137451172],[88.94139099121122,21.84722137451172]]],[[[88.59221649169939,21.850000381469783],[88.6141662597658,21.798059463500977],[88.57604217529297,21.817033767700252],[88.59249877929693,21.85028076171875],[88.59221649169939,21.850000381469783]]],[[[88.33113098144548,21.86068725585966],[88.37996673583984,21.78726959228527],[88.31710052490263,21.708909988403605],[88.31085968017572,21.795635223388672],[88.29389190673828,21.802780151367188],[88.29601287841814,21.774049758911133],[88.2597732543947,21.804206848144588],[88.330322265625,21.860708236694506],[88.33113098144548,21.86068725585966]]],[[[88.85610961914074,21.8652801513673],[88.91333007812511,21.72777938842796],[88.8349990844726,21.78166770935087],[88.85360717773443,21.8652801513673],[88.85610961914074,21.8652801513673]]],[[[88.13694763183611,21.875000000000114],[88.17250061035162,21.811952590942326],[88.17066192626947,21.742401123046932],[88.1547241210938,21.6499996185305],[88.10916900634771,21.62583351135254],[88.04166412353521,21.649166107177734],[88.03666687011724,21.675001144409237],[88.13694763183611,21.87528038024925],[88.13694763183611,21.875000000000114]]],[[[88.78916931152372,21.87861061096197],[88.82971954345703,21.86222076416027],[88.79499816894548,21.79138946533226],[88.7658309936524,21.82888984680187],[88.78888702392595,21.8783283233642],[88.78916931152372,21.87861061096197]]],[[[88.97905731201189,21.893489837646484],[89.0288925170899,21.86584281921381],[88.98924255371105,21.868122100830078],[89.02999114990234,21.834529876709155],[88.97049713134771,21.77509117126465],[88.94278717041033,21.78650093078636],[88.97663879394537,21.80508995056175],[88.95028686523443,21.83809089660639],[88.9784927368164,21.893440246582088],[88.97905731201189,21.893489837646484]]],[[[88.6216659545899,21.897779464721737],[88.65351867675787,21.867708206176758],[88.63889312744169,21.784717559814396],[88.59471893310564,21.85444450378418],[88.6205520629884,21.897779464721737],[88.6216659545899,21.897779464721737]]],[[[88.81694793701178,21.901111602783203],[88.82943725585966,21.864717483520565],[88.80027770996088,21.87055587768549],[88.81666564941435,21.901111602783203],[88.81694793701178,21.901111602783203]]],[[[88.5623397827149,21.897460937500227],[88.5510330200197,21.817291259765625],[88.53055572509794,21.84916877746599],[88.54116058349615,21.902561187744254],[88.56179046630865,21.89751625061041],[88.5623397827149,21.897460937500227]]],[[[88.44647979736328,21.904920578003043],[88.4901504516601,21.85638046264654],[88.44806671142584,21.815282821655217],[88.46145629882818,21.789810180664062],[88.40152740478521,21.79803085327177],[88.39251708984392,21.832601547241495],[88.4190063476562,21.9024028778079],[88.44596099853516,21.904987335205305],[88.44647979736328,21.904920578003043]]],[[[88.71805572509794,21.907222747802734],[88.78056335449224,21.8594398498538],[88.75776672363298,21.78111076354992],[88.75166320800798,21.815282821655217],[88.72583007812506,21.794446945190714],[88.70749664306646,21.811389923095817],[88.72805786132812,21.8374996185305],[88.69666290283232,21.83805465698248],[88.71778106689459,21.907222747802734],[88.71805572509794,21.907222747802734]]],[[[88.4524536132813,21.906337738037166],[88.44226074218778,21.908769607544002],[88.45647430419928,21.913814544677848],[88.4527893066408,21.906669616699332],[88.4524536132813,21.906337738037166]]],[[[88.6399993896485,21.921680450439396],[88.66750335693388,21.91167068481468],[88.63445281982428,21.87055969238304],[88.63889312744169,21.921680450439396],[88.6399993896485,21.921680450439396]]],[[[88.8365554809572,21.917892456054744],[88.91517639160162,21.92818069458025],[88.97389221191423,21.897779464721737],[88.97666931152372,21.867500305175838],[88.95555877685564,21.853889465332202],[88.94333648681635,21.884721755981673],[88.94721984863287,21.840562820434513],[88.90693664550798,21.878889083862532],[88.93916320800798,21.850000381469783],[88.88804626464861,21.81222152709961],[88.81961822509771,21.92819976806669],[88.83516693115263,21.918914794921818],[88.8365554809572,21.917892456054744]]],[[[88.72360992431635,21.931943893432674],[88.79944610595709,21.919721603393782],[88.80805206298857,21.884443283081282],[88.77610778808611,21.869720458984546],[88.72333526611334,21.931667327881087],[88.72360992431635,21.931943893432674]]],[[[88.7453918457033,21.97973823547369],[88.79939270019531,21.925928115844954],[88.73332977294916,21.924720764160213],[88.72373199462896,21.973815917968864],[88.74489593505865,21.979835510254134],[88.7453918457033,21.97973823547369]]],[[[88.6599731445313,22.019212722778377],[88.71578216552729,22.000640869140852],[88.69308471679682,21.96980094909685],[88.6866683959961,21.991109848022575],[88.67815399169933,21.942867279052905],[88.62864685058611,21.958030700683764],[88.65946960449247,22.01945877075201],[88.6599731445313,22.019212722778377]]],[[[88.14138793945318,22.02639007568382],[88.04722595214872,21.91167068481468],[88.0733261108399,21.995281219482536],[88.14055633544939,22.025550842285327],[88.14138793945318,22.02639007568382]]],[[[88.81276702880865,22.01944160461437],[88.90249633789091,22.01166915893566],[88.90727233886747,21.929536819458065],[88.85658264160173,21.919059753418082],[88.7525024414063,21.95611190795921],[88.75332641601591,21.98527908325201],[88.80029296875,21.970453262329045],[88.75360870361345,21.988058090210075],[88.76172637939482,22.014907836914062],[88.81166839599621,22.020002365112305],[88.81276702880865,22.01944160461437]]],[[[88.76380920410185,22.051670074463118],[88.79104614257818,22.029371261596907],[88.76167297363287,22.02139091491722],[88.7633132934572,22.051710128784407],[88.76380920410185,22.051670074463118]]],[[[88.90278625488287,22.0453338623048],[88.89170074462908,22.014724731445312],[88.85198211669922,22.04123115539568],[88.90305328369169,22.045927047729492],[88.90278625488287,22.0453338623048]]],[[[89.01619720458979,22.05092048645031],[89.07357788085966,22.00415992736845],[89.05976104736334,21.931970596313477],[88.99954986572294,21.94948387146019],[89.03250122070318,22.002082824707202],[88.99243927001959,21.973630905151367],[88.97556304931635,21.991392135620117],[88.99935913085966,22.007104873657227],[88.97447204589861,21.993642807007006],[88.98493194580095,22.05494880676264],[89.01587677001953,22.051364898681584],[89.01619720458979,22.05092048645031]]],[[[88.81185913085949,22.060754776001204],[88.83220672607428,22.027170181274414],[88.78015899658209,22.03783226013212],[88.81143951416021,22.06084823608404],[88.81185913085949,22.060754776001204]]],[[[88.87055969238287,22.07893943786621],[88.89028930664091,22.0478324890139],[88.8359603881836,22.02544975280773],[88.84555053710938,22.061670303344727],[88.81999969482428,22.064172744750977],[88.87050628662126,22.079555511474894],[88.87055969238287,22.07893943786621]]],[[[88.9040832519533,22.084207534790266],[88.87096405029303,22.06435775756853],[88.87020874023443,22.086900711059798],[88.90441894531244,22.084634780883846],[88.9040832519533,22.084207534790266]]],[[[88.80346679687511,22.08527374267578],[88.83621215820318,22.066339492798136],[88.74842834472673,22.057422637939737],[88.78375244140625,22.10694313049322],[88.80320739746094,22.08567619323736],[88.80346679687511,22.08527374267578]]],[[[88.81790161132818,22.123029708862532],[88.86750030517584,22.082502365112248],[88.83808898925798,22.073078155517692],[88.81920623779314,22.1044216156007],[88.80590057373053,22.084753036499308],[88.81752014160162,22.123060226440487],[88.81790161132818,22.123029708862532]]],[[[88.86514282226562,22.16699028015148],[88.89994049072271,22.148092269897575],[88.91574859619146,22.090299606323356],[88.89221954345697,22.11444854736328],[88.87225341796875,22.087804794311808],[88.83069610595709,22.127080917358455],[88.86473083496122,22.16717338562023],[88.86514282226562,22.16699028015148]]],[[[88.94996643066435,22.189191818237305],[88.98491668701166,22.127122879028548],[88.96890258789062,22.08261299133295],[88.95054626464872,22.104169845581282],[88.96611022949224,22.07777976989746],[88.92463684082026,22.064592361450423],[88.92394256591797,22.02420234680187],[88.94638824462885,22.000280380249137],[88.93486022949224,22.05513954162592],[88.96363830566412,22.05699157714838],[88.97305297851591,21.987222671508903],[89.01360321044928,21.978830337524528],[88.99096679687528,21.951051712036133],[89.01313018798857,21.902183532714844],[88.96883392333996,21.921138763427734],[88.97638702392595,21.946111679077262],[88.96610260009771,21.92292976379406],[88.93842315673845,21.93416023254423],[88.91385650634771,21.99114036560053],[88.90143585205078,22.06528282165533],[88.94034576416016,22.127977371215934],[88.89389038085966,22.16914176940918],[88.94934844970709,22.18928527832054],[88.94996643066435,22.189191818237305]]],[[[89.00193023681658,22.199171066284237],[89.05047607421903,22.13063240051281],[89.01464843750028,22.11400794982916],[89.03822326660162,22.053392410278434],[89.0233764648438,22.078786849975643],[89.02604675292974,22.05293273925787],[88.9779129028322,22.039922714233683],[88.9623565673831,22.060480117797795],[88.99694061279297,22.13802719116211],[88.97268676757841,22.193437576294116],[89.00138092041016,22.199224472046012],[89.00193023681658,22.199171066284237]]],[[[88.69519042968744,22.20861244201666],[88.78916931152372,22.16944885253929],[88.68305206298834,22.08083152770996],[88.73574066162115,22.031614303588867],[88.72104644775396,22.005300521850586],[88.66377258300798,22.023761749267578],[88.6341857910158,22.10621070861845],[88.69464874267595,22.208610534668082],[88.69519042968744,22.20861244201666]]],[[[88.84474945068376,22.189191818237305],[88.86048889160162,22.203294754028605],[88.85588836669928,22.14445304870634],[88.77764129638689,22.111221313476562],[88.73916625976568,22.05699157714838],[88.70471954345697,22.065000534057617],[88.7491607666015,22.135000228881836],[88.80919647216825,22.179410934448185],[88.83827209472673,22.167032241821346],[88.82805633544928,22.208040237426815],[88.84427642822271,22.189271926879883],[88.84474945068376,22.189191818237305]]],[[[88.93237304687506,22.225000381469954],[88.96158599853527,22.19721031188965],[88.93148040771513,22.177011489868107],[88.90806579589861,22.196310043335018],[88.93171691894548,22.22522926330595],[88.93237304687506,22.225000381469954]]],[[[88.81259918212896,22.28339195251465],[88.82567596435564,22.241441726684855],[88.79846954345709,22.22597312927246],[88.83405303955078,22.166852951049805],[88.7472457885745,22.198629379272575],[88.81205749511747,22.283361434936467],[88.81259918212896,22.28339195251465]]],[[[88.84986114501982,22.36291694641119],[88.93692779541021,22.29911231994646],[88.9540786743164,22.22524070739746],[88.91387176513678,22.219903945922965],[88.8433303833009,22.289720535278434],[88.88723754882841,22.26490974426281],[88.91860961914068,22.16534996032715],[88.87226867675787,22.17136955261242],[88.88350677490234,22.212270736694336],[88.84101104736334,22.214263916015852],[88.87583923339861,22.252803802490405],[88.83943176269548,22.215526580810604],[88.88108062744146,22.200164794921932],[88.81948852539074,22.19635963439964],[88.80055999755865,22.22584152221708],[88.82956695556646,22.253721237182674],[88.80416870117193,22.32972145080572],[88.84971618652361,22.36306381225586],[88.84986114501982,22.36291694641119]]],[[[88.98475646972673,22.382432937622013],[88.98361206054705,22.32533836364763],[89.02333068847662,22.297502517700252],[88.99388885498047,22.286111831664982],[89.06690216064482,22.198314666748274],[89.0686416625976,22.147361755371378],[89.09626007080107,22.155012130737475],[89.06218719482439,22.12842941284174],[89.01972198486334,22.205553054809627],[88.97251892089838,22.20971107482933],[88.94721984863287,22.25555992126465],[88.96736145019526,22.407690048217887],[88.98499298095709,22.382902145385856],[88.98475646972673,22.382432937622013]]],[[[88.8619461059572,22.3988876342774],[88.88057708740229,22.403211593628157],[88.89861297607428,22.33667373657238],[88.8619461059572,22.399169921874943],[88.8619461059572,22.3988876342774]]],[[[88.89769744873075,22.548860549926985],[88.89232635498053,22.46535301208496],[88.92166900634771,22.40139007568365],[88.8980560302735,22.366666793823356],[88.85612487792997,22.42278099060053],[88.8677368164063,22.48786735534668],[88.84361267089861,22.50679969787592],[88.89726257324224,22.550148010254134],[88.89769744873075,22.548860549926985]]],[[[88.92016601562506,22.565305709838867],[88.95996093750017,22.548620223999308],[88.9986114501956,22.430292129516715],[88.96416473388689,22.40916633605974],[88.95777893066435,22.36472129821783],[88.93944549560553,22.419010162353572],[88.941947937012,22.30988121032732],[88.89643096923845,22.37982940673851],[88.93000030517595,22.390279769897518],[88.89472198486345,22.466112136840877],[88.91444396972662,22.51111030578619],[88.89504241943388,22.559640884399357],[88.92002105712919,22.56542015075695],[88.92016601562506,22.565305709838867]]],[[[88.93605041503935,22.62157058715826],[88.93650817871111,22.61913681030302],[88.93535614013689,22.61982154846214],[88.93486022949224,22.620691299438647],[88.9345703125,22.621492385864258],[88.93605041503935,22.62157058715826]]],[[[88.67597198486345,24.315500259399528],[88.67481994628923,24.314569473266715],[88.67510223388683,24.315378189086914],[88.67597198486345,24.315500259399528]]],[[[88.12690734863287,27.12308120727539],[88.294906616211,27.124771118164347],[88.45449829101562,27.089649200439453],[88.59751892089872,27.192710876465128],[88.84740447998047,27.114299774169922],[88.87272644042997,27.09220123291027],[88.874984741211,26.95154571533226],[88.91975402832037,26.995506286621037],[88.97120666503923,26.920513153076172],[89.0206375122072,26.93890762329113],[89.0952758789063,26.886070251464844],[89.12448883056669,26.818929672241268],[89.25559234619158,26.81686973571783],[89.37296295166021,26.86665344238287],[89.45575714111334,26.808969497680778],[89.55549621582037,26.815050125122127],[89.63453674316435,26.782150268554744],[89.64945220947266,26.760583877563477],[89.62068939209001,26.723617553711165],[89.7032775878908,26.73712158203125],[89.77588653564447,26.69909095764166],[89.85502624511747,26.702848434448356],[89.87663269042986,26.606342315673828],[89.86237335205084,26.466070175170955],[89.81362915039091,26.35317039489769],[89.7227630615235,26.307550430297965],[89.71170806884771,26.227741241455078],[89.73127746582031,26.214910507202205],[89.70427703857428,26.174549102783203],[89.72509765625011,26.17160987854004],[89.68707275390625,26.159032821655387],[89.6827011108399,26.233890533447322],[89.63909912109403,26.228511810302734],[89.65753936767584,26.17201995849632],[89.59469604492182,26.15703964233421],[89.6329879760745,26.118900299072493],[89.59903717041044,26.103309631347656],[89.63935089111345,26.099588394165266],[89.64769744873075,26.062410354614315],[89.60891723632818,26.05940055847168],[89.59118652343756,25.98087120056158],[89.55449676513689,25.964620590210018],[89.54920959472662,26.000789642333984],[89.47834014892572,25.996709823608455],[89.41974639892607,26.040649414062614],[89.34664916992193,26.01475906372093],[89.26081085205084,26.06636047363287],[89.22621154785156,26.122900009155273],[89.16493988037138,26.136260986328125],[89.11377716064459,26.279558181762695],[89.11371612548845,26.31687164306635],[89.12628173828142,26.28973960876459],[89.1387557983399,26.313127517700195],[89.0972671508789,26.32312965393089],[89.08879852294928,26.398780822753963],[89.04096221923857,26.397991180420036],[88.95851898193365,26.453580856323185],[88.9114532470706,26.410249710083008],[88.92685699462896,26.366630554199332],[88.96047973632841,26.335769653320312],[88.9942932128908,26.347640991210938],[88.99188995361334,26.304779052734432],[89.05348205566412,26.296571731567383],[89.06785583496122,26.266910552978743],[88.97358703613287,26.241590499878157],[88.92391967773455,26.29170036315918],[88.87600708007807,26.28632926940918],[88.8666763305664,26.23542976379406],[88.8348999023438,26.24386024475092],[88.81545257568365,26.305080413818416],[88.75753021240263,26.316350936889876],[88.73944854736328,26.354099273681697],[88.7067260742188,26.332799911499137],[88.68327331542974,26.378429412841797],[88.70198059082037,26.38953971862793],[88.64597320556635,26.418151855468693],[88.62523651123064,26.46372985839838],[88.55930328369146,26.464210510253963],[88.56105804443388,26.488920211791992],[88.530502319336,26.48089027404791],[88.48000335693388,26.54482078552246],[88.43781280517584,26.545118331909293],[88.41720581054693,26.628419876098633],[88.37728881835955,26.592550277710018],[88.33326721191412,26.48335075378418],[88.35362243652361,26.44963073730463],[88.37895965576172,26.483329772949332],[88.47254180908214,26.462839126586857],[88.52482604980497,26.359838485718],[88.4533233642581,26.368431091308594],[88.3543777465822,26.28370857238781],[88.35251617431646,26.219989776611555],[88.17884063720732,26.140029907226676],[88.18168640136747,26.020660400390568],[88.14302062988281,26.009019851684684],[88.08834838867193,25.919240951538313],[88.11107635498053,25.813280105590877],[88.15954589843761,25.777639389038256],[88.27459716796903,25.800249099731445],[88.45807647705107,25.65071105957054],[88.44783782959001,25.599571228027344],[88.54178619384777,25.508449554443303],[88.60456085205107,25.51280021667486],[88.69194793701166,25.47070121765148],[88.79740905761747,25.521511077881087],[88.83850860595709,25.464740753173942],[88.84365844726568,25.362409591674805],[89.00744628906267,25.28223037719721],[88.95664215087919,25.25926971435547],[88.92587280273443,25.177129745483512],[88.84783935546875,25.210140228271428],[88.80761718750006,25.17360115051281],[88.68216705322277,25.210069656372184],[88.560546875,25.178649902343807],[88.48042297363276,25.21272087097168],[88.44384002685564,25.194890975952262],[88.4472427368164,25.032651901245117],[88.39303588867216,24.941112518310774],[88.34008789062517,24.932840347290096],[88.33444976806652,24.87105941772461],[88.26538085937506,24.87482070922846],[88.22310638427763,24.960430145263786],[88.13893127441412,24.931940078735465],[88.16422271728533,24.853570938110465],[88.0705871582033,24.769420623779354],[88.02522277832037,24.652719497680778],[88.12565612792963,24.528671264648494],[88.33300781250017,24.383190155029524],[88.45390319824213,24.374202728271484],[88.55500030517572,24.296489715576286],[88.70250701904303,24.31065940856945],[88.73094940185553,24.283130645752067],[88.70388793945318,24.09376907348627],[88.73738098144548,24.056631088256836],[88.73036956787115,23.99468994140625],[88.76647186279308,23.993520736694336],[88.7335433959961,23.91868019104004],[88.57553100585943,23.854339599609375],[88.59948730468767,23.82179260253912],[88.55957031249994,23.785371780395565],[88.56514739990251,23.638481140136946],[88.59899902343761,23.603538513183594],[88.64541625976562,23.607389450073356],[88.6591873168947,23.55265998840332],[88.74613952636736,23.479431152343807],[88.7977828979495,23.48080062866211],[88.76299285888678,23.437812805175838],[88.74217224121094,23.30616950988764],[88.69992828369169,23.301481246948356],[88.71958923339872,23.261230468750057],[88.81408691406256,23.216560363769588],[88.81886291503912,23.250530242919865],[88.91915893554705,23.208311080932674],[88.99469757080095,23.212360382080192],[88.8798217773437,23.09777259826666],[88.87341308593756,23.01156997680664],[88.848686218262,23.006059646606673],[88.91008758544933,22.876939773559627],[88.96752929687528,22.84262847900385],[88.92106628417986,22.76556968688965],[88.94875335693365,22.670282363891772],[88.93136596679705,22.646839141845646],[88.90502929687517,22.679105758667106],[88.86383056640642,22.665958404541016],[88.86292266845709,22.695642471313647],[88.8099899291995,22.710435867309627],[88.81021881103533,22.751718521118335],[88.84833526611357,22.748901367187727],[88.80578613281278,22.732343673705998],[88.86222076416044,22.665018081665266],[88.91000366210955,22.67500114440918],[88.95804595947283,22.61478233337408],[88.84381866455095,22.508752822875977],[88.85292816162104,22.43303108215332],[88.82496643066412,22.435861587524585],[88.76540374755876,22.55960273742687],[88.76793670654303,22.51354789733898],[88.69130706787115,22.524021148681584],[88.67716217041021,22.59289360046398],[88.68913269042986,22.52753257751465],[88.77941894531256,22.504819869995288],[88.87577056884794,22.357284545898438],[88.8186111450197,22.3630561828615],[88.80251312255871,22.28051948547369],[88.73361206054693,22.195554733276424],[88.63488006591825,22.216880798339844],[88.68476104736328,22.293870925903377],[88.667221069336,22.338054656982365],[88.6774978637697,22.290830612182617],[88.63091278076166,22.22204971313488],[88.67267608642572,22.203035354614485],[88.61572265625006,22.108100891113395],[88.57274627685547,22.189100265503043],[88.63610076904314,22.04636192321783],[88.60450744628912,22.023040771484318],[88.59690093994152,22.067714691162166],[88.60749816894548,21.914445877075195],[88.57843780517607,21.88944435119629],[88.5852813720706,21.926389694213924],[88.55222320556646,21.919721603393782],[88.54528045654297,21.97166633605957],[88.56749725341803,21.958055496215763],[88.54725646972662,21.973779678344954],[88.570541381836,21.903608322143498],[88.54125213623075,21.904453277588175],[88.52861022949224,21.85332870483404],[88.49616241455084,21.876686096191463],[88.52551269531256,21.930154800415323],[88.4932022094726,21.965309143066406],[88.54384613037115,21.982755661010685],[88.55461883544916,22.03570938110363],[88.54241180419916,21.982919692993164],[88.49138641357428,21.965560913085994],[88.52175140380871,21.917839050293196],[88.47167968750017,21.895513534545955],[88.44335937500011,21.990121841430835],[88.46089172363287,22.010974884033203],[88.45803070068365,21.918201446533317],[88.40705871582037,21.884811401367188],[88.37722015380888,21.97027969360363],[88.40612030029303,21.920610427856502],[88.383041381836,21.898389816284237],[88.3924942016601,21.8045330047608],[88.3561096191408,21.81947326660162],[88.35466003417974,21.925500869750977],[88.35411834716825,21.857948303222884],[88.30811309814459,21.857160568237532],[88.31011962890642,21.877269744873047],[88.26244354248064,21.858625411987305],[88.2672958374024,21.883970260620288],[88.25682067871105,21.86082649230957],[88.31381225585943,21.846782684326172],[88.2594070434572,21.808509826660156],[88.28221893310575,21.76416587829584],[88.25195312500017,21.800832748413086],[88.28226470947283,21.758562088012866],[88.2694702148437,21.730287551879996],[88.2741317749024,21.754188537597884],[88.21722412109392,21.766946792602482],[88.16388702392584,21.8783283233642],[88.17694091796903,21.927221298217887],[88.15366363525419,21.95917320251465],[88.22277832031267,22.07194328308111],[88.2038879394533,22.164720535278548],[88.1655578613283,22.19889068603527],[88.06972503662138,22.211944580078125],[88.09877777099626,22.30233955383295],[88.05110931396501,22.222219467163143],[87.98404693603521,22.24646377563488],[87.94666290283209,22.405281066894474],[87.88138580322266,22.438333511352482],[87.93028259277355,22.402221679687443],[87.9438858032226,22.256944656372013],[88.00935363769548,22.20148086547846],[88.13861083984403,22.181665420532227],[88.18888854980474,22.099166870117358],[88.06333160400408,22.013891220092773],[87.9637527465822,22.10371971130371],[88.0519409179688,22.007221221924055],[87.92804718017572,21.800001144409293],[87.7908325195313,21.695554733276367],[87.48611450195307,21.610555648803768],[87.44245910644531,21.755331039428768],[87.27165222167974,21.804719924926758],[87.2256164550783,21.9571208953858],[87.16520690917974,21.967510223388672],[87.05377197265642,21.86094284057623],[87.00251770019537,21.92235946655279],[87.02226257324219,22.012069702148494],[86.97190856933594,22.06627082824707],[86.84603118896484,22.09514999389671],[86.71534729003935,22.174409866333008],[86.81186676025385,22.263931274414176],[86.88796234130888,22.2695827484132],[86.84719085693376,22.313150405883903],[86.84359741210938,22.38764190673851],[86.762260437012,22.425231933593807],[86.79860687255865,22.498821258545036],[86.78407287597673,22.5442409515382],[86.75598907470697,22.574270248413086],[86.64827728271501,22.59160995483404],[86.61786651611357,22.673389434814453],[86.48162078857428,22.72474098205572],[86.41263580322294,22.78643035888672],[86.4582061767581,22.932960510254134],[86.527572631836,22.95792961120617],[86.30030822753935,23.012340545654297],[86.22706604003935,22.992870330810547],[86.03227233886724,23.14509010314947],[85.91957092285185,23.12695121765148],[85.83068847656278,23.213970184326172],[85.87731170654314,23.40043067932129],[85.8635482788086,23.45948982238781],[85.94979858398455,23.4554500579834],[86.02037048339861,23.48791122436529],[86.03737640380865,23.58345985412609],[86.14846801757841,23.555509567260856],[86.14331054687528,23.481260299682674],[86.28115081787115,23.435447692871037],[86.37059783935553,23.490261077880973],[86.37812042236357,23.568838119506893],[86.46642303466825,23.6296195983889],[86.79351043701183,23.706012725830078],[86.80097198486357,23.81332969665533],[86.8769302368164,23.82133102416998],[86.87526702880865,23.86238098144537],[87.01345825195341,23.84694290161127],[87.14354705810575,23.796361923218],[87.12944030761713,23.85490036010748],[87.25270080566423,23.842861175537337],[87.24822235107433,23.90701103210455],[87.27832031250006,23.881948471069336],[87.29181671142595,23.955699920654297],[87.23922729492193,24.014780044555664],[87.32628631591791,24.030130386352596],[87.31539154052763,24.004421234130916],[87.453598022461,23.983390808105582],[87.44316101074247,24.013759613037337],[87.50131225585943,24.026090621948185],[87.49951171875017,24.114580154419002],[87.56672668457037,24.08641052246088],[87.59037780761724,24.160091400146598],[87.69323730468778,24.164340972900334],[87.63951873779314,24.23472023010254],[87.7431259155274,24.297721862793082],[87.787651062012,24.371669769287053],[87.81685638427729,24.486080169677848],[87.77317047119135,24.571880340576286],[87.84497833251959,24.552780151367188],[87.90544891357428,24.583801269531364],[87.87700653076178,24.616291046142805],[87.91159820556652,24.662290573120174],[87.89565277099626,24.72302055358898],[87.82836914062506,24.776702880859375],[87.86810302734386,24.787090301513615],[87.97228240966825,24.90336990356451],[87.77120971679699,25.138731002807674],[87.82965850830095,25.204050064086914],[87.85330200195312,25.28936958312994],[87.78398132324224,25.332429885864315],[87.76586151123053,25.424291610718],[87.81922912597662,25.43753814697277],[87.87921905517572,25.515970230102653],[87.95239257812506,25.5364608764649],[87.98663330078142,25.50263023376465],[88.05296325683622,25.48662948608404],[88.06385040283197,25.506170272827262],[88.02818298339838,25.566310882568587],[88.04862976074236,25.690570831298942],[87.97165679931646,25.72006988525385],[87.89800262451178,25.799270629882812],[87.90138244628923,25.856241226196403],[87.84314727783232,25.868711471557674],[87.80745697021496,25.91827011108404],[87.8847198486331,26.071519851684627],[87.96948242187517,26.091648101806697],[87.95868682861334,26.12569808959961],[88.27243804931646,26.33053970336914],[88.21479034423828,26.46973037719738],[88.21689605712896,26.54156112670921],[88.11514282226591,26.530189514160384],[88.18714141845709,26.73400497436529],[88.18151855468778,26.816215515136662],[88.1176834106447,26.98848533630394],[87.99340820312506,27.12568283081049],[88.01802062988293,27.1995143890382],[88.06173706054716,27.211299896240348],[88.12329101562506,27.123790740966967],[88.12690734863287,27.12308120727539]]]]}}]}